Season,Injury,From,Until,Days,GamesMissed,Player,PlayerID,Weeks
25/26,Fitness,2025-07-18,2025-08-09,22.0,1,Mauro Icardi,68863,3.1
24/25,Cruciate ligament tear,2024-11-07,2025-07-18,253.0,39,Mauro Icardi,68863,36.1
24/25,Torn thigh muscle,2024-08-31,2024-09-20,20.0,3,Mauro Icardi,68863,2.9
23/24,bruise,2024-02-28,2024-03-02,3.0,1,Mauro Icardi,68863,0.4
23/24,Eyebow fracture,2023-12-24,2024-01-19,26.0,5,Mauro Icardi,68863,3.7
22/23,Hamstring strain,2023-04-18,2023-04-23,5.0,2,Mauro Icardi,68863,0.7
22/23,Fitness,2023-01-02,2023-01-05,3.0,1,Mauro Icardi,68863,0.4
22/23,Muscle injury,2022-11-30,2023-01-02,33.0,3,Mauro Icardi,68863,4.7
22/23,muscular problems,2022-09-30,2022-10-05,5.0,1,Mauro Icardi,68863,0.7
22/23,Fitness,2022-09-08,2022-09-12,4.0,1,Mauro Icardi,68863,0.6
21/22,Acromioclavicular joint dislocation,2021-08-23,2021-09-10,18.0,1,Mauro Icardi,68863,2.6
20/21,Thigh problems,2021-03-18,2021-04-14,27.0,5,Mauro Icardi,68863,3.9
20/21,stomach problems,2021-02-26,2021-03-02,4.0,1,Mauro Icardi,68863,0.6
20/21,Adductor pain,2020-11-30,2021-01-07,38.0,8,Mauro Icardi,68863,5.4
20/21,Knee medial ligament tear,2020-10-07,2020-11-26,50.0,9,Mauro Icardi,68863,7.1
22/23,Inner ligament stretch of the knee,2023-02-20,2023-03-22,30.0,3,Dries Mertens,56416,4.3
21/22,Fitness,2021-09-09,2021-09-25,16.0,4,Dries Mertens,56416,2.3
21/22,Shoulder injury,2021-07-05,2021-09-08,65.0,5,Dries Mertens,56416,9.3
20/21,Ankle injury,2021-05-09,2021-05-10,1.0,-,Dries Mertens,56416,0.1
20/21,Ankle injury,2021-01-30,2021-02-23,24.0,7,Dries Mertens,56416,3.4
20/21,Ankle sprain,2020-12-16,2021-01-11,26.0,6,Dries Mertens,56416,3.7
19/20,Adductor pain,2019-12-30,2020-01-30,31.0,6,Dries Mertens,56416,4.4
18/19,muscular problems,2019-05-10,2019-05-13,3.0,1,Dries Mertens,56416,0.4
15/16,Torn thigh muscle,2015-11-02,2015-12-04,32.0,6,Dries Mertens,56416,4.6
15/16,Contracture,2015-10-19,2015-10-26,7.0,2,Dries Mertens,56416,1.0
14/15,Back problems,2015-04-17,2015-04-17,0.0,-,Dries Mertens,56416,0.0
14/15,concussion,2014-11-17,2014-11-25,8.0,1,Dries Mertens,56416,1.1
13/14,Ankle sprain,2014-03-24,2014-03-28,4.0,1,Dries Mertens,56416,0.6
12/13,Groin problems,2012-12-07,2013-01-01,25.0,4,Dries Mertens,56416,3.6
24/25,Partial muscle tear,2024-09-09,2024-10-04,25.0,6,Hakim Ziyech,217111,3.6
23/24,Ankle injury,2024-01-24,2024-03-06,42.0,12,Hakim Ziyech,217111,6.0
23/24,Ankle injury,2024-01-11,2024-01-16,5.0,2,Hakim Ziyech,217111,0.7
23/24,Hamstring injury,2023-12-24,2023-12-30,6.0,1,Hakim Ziyech,217111,0.9
23/24,unknown injury,2023-12-02,2023-12-11,9.0,2,Hakim Ziyech,217111,1.3
23/24,Foot injury,2023-09-25,2023-10-22,27.0,7,Hakim Ziyech,217111,3.9
23/24,Fitness,2023-08-19,2023-09-03,15.0,4,Hakim Ziyech,217111,2.1
22/23,Rest,2022-12-18,2022-12-28,10.0,1,Hakim Ziyech,217111,1.4
21/22,Achilles heel problems,2022-02-22,2022-03-03,9.0,3,Hakim Ziyech,217111,1.3
21/22,Shoulder injury,2021-08-12,2021-08-17,5.0,1,Hakim Ziyech,217111,0.7
20/21,Hip injury,2020-12-07,2021-01-02,26.0,6,Hakim Ziyech,217111,3.7
20/21,Knee injury,2020-08-30,2020-10-16,47.0,8,Hakim Ziyech,217111,6.7
19/20,Calf injury,2020-02-16,2020-02-29,13.0,4,Hakim Ziyech,217111,1.9
19/20,Calf injury,2020-01-19,2020-02-11,23.0,4,Hakim Ziyech,217111,3.3
19/20,Thigh problems,2019-09-23,2019-09-27,4.0,1,Hakim Ziyech,217111,0.6
24/25,flu,2025-06-05,2025-06-07,2.0,-,Lucas Torreira,318077,0.3
24/25,Rest,2025-05-23,2025-05-31,8.0,2,Lucas Torreira,318077,1.1
23/24,Internal ligament strain,2023-07-05,2023-08-03,29.0,2,Lucas Torreira,318077,4.1
21/22,Injury to abdominal muscles,2022-04-21,2022-04-25,4.0,1,Lucas Torreira,318077,0.6
21/22,unknown injury,2022-02-20,2022-02-25,5.0,1,Lucas Torreira,318077,0.7
21/22,Corona virus,2022-01-25,2022-02-03,9.0,2,Lucas Torreira,318077,1.3
20/21,Corona virus,2020-11-19,2020-11-30,11.0,3,Lucas Torreira,318077,1.6
19/20,Ankle injury,2020-03-03,2020-07-03,122.0,6,Lucas Torreira,318077,17.4
19/20,Ill,2020-02-17,2020-02-21,4.0,1,Lucas Torreira,318077,0.6
19/20,Knock,2020-01-12,2020-01-17,5.0,-,Lucas Torreira,318077,0.7
18/19,Rest,2019-05-11,2019-05-13,2.0,1,Lucas Torreira,318077,0.3
18/19,Rest,2018-12-12,2018-12-14,2.0,1,Lucas Torreira,318077,0.3
18/19,Rest,2018-11-28,2018-11-30,2.0,1,Lucas Torreira,318077,0.3
18/19,Knee injury,2018-09-21,2018-09-22,1.0,-,Lucas Torreira,318077,0.1
18/19,Calf injury,2018-09-09,2018-09-14,5.0,-,Lucas Torreira,318077,0.7
22/23,Foot injury,2023-02-06,2023-03-08,30.0,1,Fernando Muslera,58088,4.3
21/22,Fitness,2022-02-23,2022-03-03,8.0,1,Fernando Muslera,58088,1.1
21/22,Cruciate ligament strain,2021-12-14,2022-02-22,70.0,13,Fernando Muslera,58088,10.0
20/21,Fitness,2020-11-29,2021-01-18,50.0,10,Fernando Muslera,58088,7.1
19/20,Tibia and fibula fracture,2020-06-15,2020-11-29,167.0,24,Fernando Muslera,58088,23.9
19/20,Hip problems,2019-11-19,2019-11-24,5.0,1,Fernando Muslera,58088,0.7
18/19,Head injury,2018-11-11,2018-11-21,10.0,2,Fernando Muslera,58088,1.4
16/17,Rest,2017-02-03,2017-02-05,2.0,1,Fernando Muslera,58088,0.3
16/17,Finger injury,2017-01-05,2017-01-13,8.0,-,Fernando Muslera,58088,1.1
15/16,Hip bruise,2016-03-05,2016-03-09,4.0,1,Fernando Muslera,58088,0.6
13/14,Edema in the knee,2014-04-27,2014-05-07,10.0,3,Fernando Muslera,58088,1.4
13/14,Shoulder injury,2014-01-14,2014-01-23,9.0,3,Fernando Muslera,58088,1.3
13/14,Broken toe,2013-11-01,2013-12-04,33.0,10,Fernando Muslera,58088,4.7
10/11,Ankle injury,2011-02-23,2011-03-12,17.0,2,Fernando Muslera,58088,2.4
25/26,ankle sprain,2025-08-04,2025-08-11,7.0,1,Kerem Aktürkoğlu,382528,1.0
23/24,Neck injury,2023-09-08,2023-09-13,5.0,1,Kerem Aktürkoğlu,382528,0.7
21/22,Groin strain,2022-04-02,2022-04-08,6.0,1,Kerem Aktürkoğlu,382528,0.9
20/21,Hamstring strain,2021-03-28,2021-04-09,12.0,2,Kerem Aktürkoğlu,382528,1.7
20/21,Fitness,2020-12-24,2020-12-27,3.0,1,Kerem Aktürkoğlu,382528,0.4
20/21,Corona virus,2020-12-13,2020-12-24,11.0,3,Kerem Aktürkoğlu,382528,1.6
24/25,Rest,2025-05-23,2025-05-31,8.0,2,Barış Alper Yılmaz,541537,1.1
24/25,Inner ligament injury,2024-12-08,2024-12-15,7.0,2,Barış Alper Yılmaz,541537,1.0
24/25,Muscle injury,2024-10-11,2024-10-17,6.0,1,Barış Alper Yılmaz,541537,0.9
21/22,Metacarpal fracture,2021-09-07,2021-09-27,20.0,5,Barış Alper Yılmaz,541537,2.9
24/25,Thumb injury,2025-04-07,2025-04-17,10.0,1,Wilfried Zaha,145988,1.4
24/25,influenza,2024-08-26,2024-08-28,2.0,1,Wilfried Zaha,145988,0.3
23/24,Bone edema,2024-03-02,2024-03-06,4.0,1,Wilfried Zaha,145988,0.6
23/24,unknown injury,2023-11-29,2023-12-06,7.0,2,Wilfried Zaha,145988,1.0
23/24,unknown injury,2023-08-15,2023-09-17,33.0,7,Wilfried Zaha,145988,4.7
23/24,Fitness,2023-08-05,2023-08-11,6.0,1,Wilfried Zaha,145988,0.9
22/23,unknown injury,2023-05-13,2023-08-05,84.0,5,Wilfried Zaha,145988,12.0
22/23,unknown injury,2023-04-01,2023-04-26,25.0,5,Wilfried Zaha,145988,3.6
22/23,unknown injury,2023-01-21,2023-02-26,36.0,7,Wilfried Zaha,145988,5.1
22/23,unknown injury,2022-08-20,2022-08-28,8.0,3,Wilfried Zaha,145988,1.1
21/22,unknown injury,2021-10-11,2021-10-19,8.0,1,Wilfried Zaha,145988,1.1
20/21,Hamstring strain,2021-02-04,2021-03-04,28.0,5,Wilfried Zaha,145988,4.0
20/21,Knock,2021-01-15,2021-01-25,10.0,1,Wilfried Zaha,145988,1.4
20/21,Virus,2020-11-23,2020-12-05,12.0,2,Wilfried Zaha,145988,1.7
20/21,Knock,2020-10-15,2020-10-17,2.0,-,Wilfried Zaha,145988,0.3
24/25,Pubalgia,2025-02-27,,,16,Tanguy Ndombele,450936,
24/25,Leg injury,2024-11-11,2024-11-22,11.0,-,Tanguy Ndombele,450936,1.6
24/25,Hip injury,2024-10-18,2024-10-31,13.0,3,Tanguy Ndombele,450936,1.9
24/25,Muscle injury,2024-09-28,2024-10-02,4.0,1,Tanguy Ndombele,450936,0.6
23/24,Knock,2024-02-16,2024-02-27,11.0,3,Tanguy Ndombele,450936,1.6
23/24,Groin problems,2023-10-24,2023-11-04,11.0,3,Tanguy Ndombele,450936,1.6
23/24,Injury to the ankle,2023-07-25,2023-08-27,33.0,3,Tanguy Ndombele,450936,4.7
22/23,influenza,2023-02-01,2023-02-03,2.0,-,Tanguy Ndombele,450936,0.3
21/22,Dead leg,2022-04-15,2022-04-28,13.0,3,Tanguy Ndombele,450936,1.9
21/22,Dead leg,2022-03-01,2022-03-08,7.0,1,Tanguy Ndombele,450936,1.0
21/22,Knock,2021-08-08,2021-08-28,20.0,4,Tanguy Ndombele,450936,2.9
20/21,unknown injury,2020-12-05,2020-12-08,3.0,1,Tanguy Ndombele,450936,0.4
20/21,Virus,2020-11-09,2020-11-20,11.0,-,Tanguy Ndombele,450936,1.6
20/21,Knock,2020-10-28,2020-10-31,3.0,1,Tanguy Ndombele,450936,0.4
19/20,Knock,2020-07-13,2020-07-31,18.0,3,Tanguy Ndombele,450936,2.6
23/24,Hamstring strain,2023-12-17,2023-12-22,5.0,1,Edin Dzeko,28396,0.7
21/22,Corona virus,2021-12-31,2022-01-08,8.0,-,Edin Dzeko,28396,1.1
21/22,Muscle fatigue,2021-11-07,2021-11-19,12.0,3,Edin Dzeko,28396,1.7
20/21,Adductor pain,2021-02-25,2021-03-10,13.0,4,Edin Dzeko,28396,1.9
20/21,bruise,2021-01-21,2021-01-28,7.0,1,Edin Dzeko,28396,1.0
20/21,Corona virus,2020-11-06,2020-11-23,17.0,5,Edin Dzeko,28396,2.4
19/20,Broken cheekbone,2019-10-06,2019-10-19,13.0,3,Edin Dzeko,28396,1.9
18/19,Muscle injury,2018-11-27,2018-12-21,24.0,5,Edin Dzeko,28396,3.4
16/17,Calf muscle tear,2017-05-07,2017-05-18,11.0,2,Edin Dzeko,28396,1.6
15/16,Inner ligament injury,2016-05-30,2016-06-18,19.0,2,Edin Dzeko,28396,2.7
15/16,Foot bruise,2016-02-01,2016-02-04,3.0,1,Edin Dzeko,28396,0.4
15/16,Inner knee ligament tear,2015-09-28,2015-10-12,14.0,3,Edin Dzeko,28396,2.0
14/15,Calf injury,2014-12-15,2015-01-05,21.0,5,Edin Dzeko,28396,3.0
14/15,Calf strain,2014-11-10,2014-12-04,24.0,5,Edin Dzeko,28396,3.4
09/10,Ankle injury,2009-07-06,2009-07-16,10.0,-,Edin Dzeko,28396,1.4
24/25,influenza,2025-02-04,2025-02-06,2.0,1,Dusan Tadic,36139,0.3
19/20,Knock,2019-10-09,2019-10-18,9.0,2,Dusan Tadic,36139,1.3
19/20,Rest,2019-09-08,2019-09-10,2.0,1,Dusan Tadic,36139,0.3
16/17,Nose injury,2016-11-12,2016-12-07,25.0,6,Dusan Tadic,36139,3.6
14/15,Groin injury,2015-04-28,2015-06-30,63.0,6,Dusan Tadic,36139,9.0
14/15,Muscle injury,2014-12-13,2014-12-26,13.0,4,Dusan Tadic,36139,1.9
13/14,Knee injury,2013-07-10,2013-07-30,20.0,-,Dusan Tadic,36139,2.9
07/08,Ankle injury,2007-11-06,2007-12-01,25.0,4,Dusan Tadic,36139,3.6
22/23,Knee injury,2023-01-29,2023-03-03,33.0,7,Sebastian Szymanski,320748,4.7
22/23,Hamstring injury,2022-09-08,2022-09-17,9.0,3,Sebastian Szymanski,320748,1.3
22/23,Fitness,2022-07-22,2022-07-26,4.0,-,Sebastian Szymanski,320748,0.6
21/22,Groin surgery,2021-12-05,2022-01-10,36.0,2,Sebastian Szymanski,320748,5.1
19/20,Corona virus,2020-06-20,2020-07-06,16.0,3,Sebastian Szymanski,320748,2.3
25/26,unknown injury,2025-09-09,,,-,Fred,274839,
24/25,Hamstring injury,2024-12-09,2025-02-07,60.0,11,Fred,274839,8.6
23/24,unknown injury,2023-12-29,2024-03-03,65.0,22,Fred,274839,9.3
21/22,Knee injury,2022-03-17,2022-05-30,74.0,20,Fred,274839,10.6
20/21,Hamstring strain,2021-01-28,2021-02-08,11.0,3,Fred,274839,1.6
20/21,Adductor injury,2020-09-21,2020-12-03,73.0,18,Fred,274839,10.4
19/20,Knee problems,2020-01-30,2020-02-27,28.0,3,Fred,274839,4.0
19/20,Knee injury,2020-01-09,2020-01-20,11.0,2,Fred,274839,1.6
19/20,Hamstring injury,2019-08-26,2019-08-29,3.0,1,Fred,274839,0.4
18/19,Knee injury,2018-12-17,2018-12-20,3.0,1,Fred,274839,0.4
17/18,Hamstring injury,2018-04-30,2018-05-31,31.0,4,Fred,274839,4.4
24/25,Toe joint capsular tear,2024-11-02,2025-06-25,235.0,39,Ferdi Kadioglu,369316,33.6
24/25,unknown injury,2024-08-30,2024-09-10,11.0,3,Ferdi Kadioglu,369316,1.6
24/25,Hamstring strain,2024-08-12,2024-08-16,4.0,1,Ferdi Kadioglu,369316,0.6
23/24,minor knock,2024-06-02,2024-06-05,3.0,1,Ferdi Kadioglu,369316,0.4
23/24,Calf injury,2024-03-17,2024-03-31,14.0,3,Ferdi Kadioglu,369316,2.0
23/24,bruise,2023-11-26,2023-12-02,6.0,2,Ferdi Kadioglu,369316,0.9
23/24,Rest,2023-09-20,2023-09-22,2.0,1,Ferdi Kadioglu,369316,0.3
23/24,Torn thigh muscle,2023-08-24,2023-09-10,17.0,4,Ferdi Kadioglu,369316,2.4
22/23,Hamstring injury,2022-11-16,2022-11-25,9.0,1,Ferdi Kadioglu,369316,1.3
22/23,Stomach flu,2022-10-08,2022-10-10,2.0,1,Ferdi Kadioglu,369316,0.3
22/23,Groin strain,2022-07-27,2022-08-04,8.0,2,Ferdi Kadioglu,369316,1.1
21/22,Hamstring strain,2022-02-24,2022-03-27,31.0,6,Ferdi Kadioglu,369316,4.4
21/22,Corona virus,2022-01-21,2022-01-26,5.0,1,Ferdi Kadioglu,369316,0.7
21/22,Hamstring strain,2021-12-16,2022-01-02,17.0,4,Ferdi Kadioglu,369316,2.4
21/22,unknown injury,2021-09-05,2021-09-13,8.0,2,Ferdi Kadioglu,369316,1.1
24/25,unknown injury,2025-06-01,2025-06-22,21.0,2,Cengiz Ünder,341647,3.0
24/25,Fitness,2024-11-20,2024-11-24,4.0,1,Cengiz Ünder,341647,0.6
24/25,Groin injury,2024-10-19,2024-11-20,32.0,6,Cengiz Ünder,341647,4.6
23/24,unknown injury,2024-05-12,2024-05-26,14.0,3,Cengiz Ünder,341647,2.0
23/24,Hip problems,2024-04-10,2024-04-15,5.0,2,Cengiz Ünder,341647,0.7
23/24,Fitness,2024-03-30,2024-04-07,8.0,2,Cengiz Ünder,341647,1.1
23/24,Groin injury,2024-03-17,2024-03-30,13.0,1,Cengiz Ünder,341647,1.9
23/24,unknown injury,2023-11-01,2023-11-07,6.0,1,Cengiz Ünder,341647,0.9
23/24,Fitness,2023-10-28,2023-10-30,2.0,1,Cengiz Ünder,341647,0.3
23/24,Torn thigh muscle,2023-09-17,2023-10-13,26.0,7,Cengiz Ünder,341647,3.7
21/22,Knee injury,2022-04-18,2022-04-23,5.0,1,Cengiz Ünder,341647,0.7
21/22,Ill,2022-03-05,2022-03-09,4.0,1,Cengiz Ünder,341647,0.6
21/22,Back injury,2021-11-27,2021-12-03,6.0,2,Cengiz Ünder,341647,0.9
21/22,Back injury,2021-11-07,2021-11-24,17.0,3,Cengiz Ünder,341647,2.4
20/21,unknown injury,2021-03-05,2021-04-13,39.0,8,Cengiz Ünder,341647,5.6
24/25,Torn thigh muscle,2025-01-13,2025-02-21,39.0,11,Dominik Livakovic,205927,5.6
24/25,Fitness,2024-12-31,2025-01-06,6.0,1,Dominik Livakovic,205927,0.9
24/25,Torn thigh muscle,2024-12-15,2024-12-31,16.0,2,Dominik Livakovic,205927,2.3
24/25,unknown injury,2025-04-29,2025-05-09,10.0,1,Vincent Aboubakar,147487,1.4
24/25,unknown injury,2025-02-16,2025-02-28,12.0,2,Vincent Aboubakar,147487,1.7
23/24,Pubalgia,2024-05-10,2024-05-13,3.0,1,Vincent Aboubakar,147487,0.4
23/24,Hamstring injury,2024-01-27,2024-02-14,18.0,4,Vincent Aboubakar,147487,2.6
23/24,Hamstring injury,2024-01-13,2024-01-25,12.0,7,Vincent Aboubakar,147487,1.7
23/24,Hamstring strain,2023-11-09,2023-11-18,9.0,3,Vincent Aboubakar,147487,1.3
23/24,Fitness,2023-11-04,2023-11-06,2.0,1,Vincent Aboubakar,147487,0.3
23/24,Abdominal problems,2023-10-28,2023-11-04,7.0,1,Vincent Aboubakar,147487,1.0
20/21,Hamstring injury,2021-04-20,2021-05-19,29.0,8,Vincent Aboubakar,147487,4.1
20/21,Hamstring strain,2021-03-30,2021-04-17,18.0,4,Vincent Aboubakar,147487,2.6
19/20,Knee injury,2020-01-28,2020-02-14,17.0,5,Vincent Aboubakar,147487,2.4
19/20,Muscle injury,2019-12-03,2019-12-11,8.0,2,Vincent Aboubakar,147487,1.1
18/19,Muscle injury,2019-05-22,2019-05-31,9.0,1,Vincent Aboubakar,147487,1.3
18/19,Cruciate ligament tear,2018-09-29,2019-04-15,198.0,46,Vincent Aboubakar,147487,28.3
18/19,Knee bruise,2018-09-07,2018-09-14,7.0,2,Vincent Aboubakar,147487,1.0
25/26,Groin injury,2025-08-16,2025-08-28,12.0,4,Cenk Tosun,45671,1.7
23/24,Hamstring strain,2023-11-09,2023-11-19,10.0,3,Cenk Tosun,45671,1.4
22/23,Muscle tear,2023-06-07,2023-08-11,65.0,6,Cenk Tosun,45671,9.3
22/23,Groin injury,2023-04-09,2023-04-17,8.0,2,Cenk Tosun,45671,1.1
21/22,Torn thigh muscle,2022-03-10,2022-05-23,74.0,16,Cenk Tosun,45671,10.6
20/21,Patellar tendon rupture,2021-04-11,2021-10-24,196.0,26,Cenk Tosun,45671,28.0
20/21,Corona virus,2021-03-28,2021-04-07,10.0,3,Cenk Tosun,45671,1.4
20/21,Edema in the knee,2021-02-19,2021-03-17,26.0,5,Cenk Tosun,45671,3.7
20/21,Quarantine,2021-02-01,2021-02-08,7.0,2,Cenk Tosun,45671,1.0
19/20,Cruciate ligament surgery,2020-03-02,2020-10-26,238.0,24,Cenk Tosun,45671,34.0
19/20,Crack bruise,2020-01-24,2020-02-21,28.0,2,Cenk Tosun,45671,4.0
19/20,Groin injury,2019-10-18,2019-10-27,9.0,2,Cenk Tosun,45671,1.3
18/19,Torn lateral knee ligament,2019-05-30,2019-07-30,61.0,3,Cenk Tosun,45671,8.7
15/16,Hamstring injury,2016-03-01,2016-03-05,4.0,1,Cenk Tosun,45671,0.6
14/15,Foot injury,2015-01-21,2015-03-09,47.0,13,Cenk Tosun,45671,6.7
24/25,Groin strain,2024-09-01,2024-09-11,10.0,5,Semih Kılıçsoy,875334,1.4
23/24,Hamstring strain,2024-04-13,2024-04-24,11.0,3,Semih Kılıçsoy,875334,1.6
23/24,Inner ligament injury,2024-01-26,2024-01-31,5.0,1,Semih Kılıçsoy,875334,0.7
23/24,Heel injury,2023-08-17,2023-09-07,21.0,5,Semih Kılıçsoy,875334,3.0
23/24,Calf strain,2024-04-27,2024-05-06,9.0,2,Gedson Fernandes,337800,1.3
23/24,Injury to the ankle,2023-12-09,2023-12-26,17.0,4,Gedson Fernandes,337800,2.4
23/24,Injury to the ankle,2023-10-03,2023-10-19,16.0,2,Gedson Fernandes,337800,2.3
23/24,Shoulder injury,2023-09-21,2023-10-03,12.0,4,Gedson Fernandes,337800,1.7
21/22,Ankle injury,2021-10-01,2021-10-27,26.0,5,Gedson Fernandes,337800,3.7
20/21,Quarantine,2021-02-01,2021-02-07,6.0,2,Gedson Fernandes,337800,0.9
19/20,Metatarsal fracture,2019-07-16,2019-09-18,64.0,9,Gedson Fernandes,337800,9.1
24/25,Hamstring strain,2025-03-29,2025-04-30,32.0,4,Rachid Ghezzal,118287,4.6
24/25,Edema in the knee,2025-03-07,2025-03-12,5.0,1,Rachid Ghezzal,118287,0.7
24/25,Ligament injury,2025-03-07,2025-03-12,5.0,1,Rachid Ghezzal,118287,0.7
24/25,Knee collateral ligament strain,2024-10-03,2024-10-19,16.0,1,Rachid Ghezzal,118287,2.3
24/25,Fitness,2024-09-13,2024-09-15,2.0,1,Rachid Ghezzal,118287,0.3
23/24,Hamstring strain,2024-05-07,2024-05-20,13.0,3,Rachid Ghezzal,118287,1.9
23/24,Adductor injury,2024-02-08,2024-02-16,8.0,2,Rachid Ghezzal,118287,1.1
23/24,Adductor injury,2023-11-12,2023-12-06,24.0,4,Rachid Ghezzal,118287,3.4
23/24,Fitness,2023-11-07,2023-11-10,3.0,1,Rachid Ghezzal,118287,0.4
23/24,Muscle strain,2023-10-30,2023-11-07,8.0,2,Rachid Ghezzal,118287,1.1
23/24,unknown injury,2023-07-23,2023-08-27,35.0,7,Rachid Ghezzal,118287,5.0
22/23,Rest,2023-06-01,2023-06-08,7.0,2,Rachid Ghezzal,118287,1.0
22/23,Fitness,2023-05-15,2023-05-22,7.0,2,Rachid Ghezzal,118287,1.0
22/23,Groin injury,2023-04-22,2023-05-15,23.0,3,Rachid Ghezzal,118287,3.3
22/23,unknown injury,2023-03-11,2023-03-14,3.0,1,Rachid Ghezzal,118287,0.4
24/25,Torn ankle ligaments,2025-02-19,2025-06-30,131.0,14,Romain Saïss,204198,18.7
23/24,Knock,2024-06-09,2024-06-12,3.0,1,Romain Saïss,204198,0.4
22/23,unknown injury,2023-06-17,2023-06-30,13.0,-,Romain Saïss,204198,1.9
22/23,Heel problems,2023-05-21,2023-06-08,18.0,3,Romain Saïss,204198,2.6
22/23,Hamstring injury,2022-12-14,2022-12-30,16.0,4,Romain Saïss,204198,2.3
22/23,Hamstring strain,2022-10-08,2022-10-26,18.0,3,Romain Saïss,204198,2.6
20/21,Knock,2021-01-28,2021-02-06,9.0,4,Romain Saïss,204198,1.3
20/21,Virus,2020-11-09,2020-12-05,26.0,4,Romain Saïss,204198,3.7
19/20,Hamstring injury,2019-10-08,2019-10-23,15.0,4,Romain Saïss,204198,2.1
19/20,Knock,2019-09-02,2019-09-13,11.0,2,Romain Saïss,204198,1.6
24/25,unknown injury,2025-05-27,2025-05-31,4.0,1,Edin Višća,109217,0.6
24/25,muscular problems,2024-12-28,2025-01-05,8.0,1,Edin Višća,109217,1.1
24/25,muscular problems,2024-12-16,2024-12-23,7.0,2,Edin Višća,109217,1.0
24/25,muscular problems,2024-08-31,2024-09-09,9.0,1,Edin Višća,109217,1.3
23/24,Groin strain,2023-08-11,2023-08-20,9.0,2,Edin Višća,109217,1.3
22/23,Muscle injury,2023-04-08,2023-05-04,26.0,4,Edin Višća,109217,3.7
22/23,Fitness,2023-02-24,2023-03-05,9.0,1,Edin Višća,109217,1.3
22/23,Broken collarbone,2022-12-28,2023-02-24,58.0,11,Edin Višća,109217,8.3
22/23,muscle stiffness,2022-12-20,2022-12-23,3.0,1,Edin Višća,109217,0.4
22/23,Fitness,2022-10-26,2022-11-12,17.0,4,Edin Višća,109217,2.4
22/23,Broken arm,2022-08-12,2022-10-26,75.0,16,Edin Višća,109217,10.7
21/22,unknown injury,2021-11-06,2021-11-24,18.0,2,Edin Višća,109217,2.6
20/21,Fitness,2021-02-28,2021-03-04,4.0,1,Edin Višća,109217,0.6
20/21,unknown injury,2021-01-10,2021-02-28,49.0,13,Edin Višća,109217,7.0
20/21,unknown injury,2020-12-02,2020-12-18,16.0,5,Edin Višća,109217,2.3
24/25,Ankle injury,2025-04-13,2025-04-18,5.0,-,Paul Onuachu,272855,0.7
23/24,Hamstring injury,2024-05-25,2024-05-27,2.0,1,Paul Onuachu,272855,0.3
23/24,Fitness,2024-04-07,2024-04-13,6.0,1,Paul Onuachu,272855,0.9
23/24,Forearm fracture,2024-02-28,2024-04-07,39.0,7,Paul Onuachu,272855,5.6
22/23,Adductor pain,2022-07-21,2022-08-03,13.0,2,Paul Onuachu,272855,1.9
21/22,Hamstring injury,2021-12-19,2022-01-17,29.0,5,Paul Onuachu,272855,4.1
19/20,Knock,2020-02-29,2020-03-02,2.0,1,Paul Onuachu,272855,0.3
17/18,Herniated disc,2018-02-10,2018-04-14,63.0,11,Paul Onuachu,272855,9.0
17/18,Appendectomy,2017-08-17,2017-09-04,18.0,6,Paul Onuachu,272855,2.6
12/13,Knee surgery,2013-04-15,2013-07-15,91.0,26,Trezeguet,4146,13.0
09/10,Ankle sprain,2010-01-06,2010-02-20,45.0,10,Trezeguet,4146,6.4
09/10,Calf muscle tear,2009-11-21,2009-12-02,11.0,3,Trezeguet,4146,1.6
08/09,Knee problems,2008-09-17,2009-01-26,131.0,31,Trezeguet,4146,18.7
04/05,Inflammation in the ankle joint,2005-03-16,2005-04-26,41.0,11,Trezeguet,4146,5.9
04/05,flu,2005-02-17,2005-02-28,11.0,3,Trezeguet,4146,1.6
04/05,Shoulder injury,2004-10-03,2005-01-10,99.0,24,Trezeguet,4146,14.1
03/04,Shoulder injury,2004-03-12,2004-03-18,6.0,2,Trezeguet,4146,0.9
03/04,Thigh problems,2004-02-13,2004-03-11,27.0,8,Trezeguet,4146,3.9
02/03,Shoulder injury,2003-04-05,2003-04-26,21.0,5,Trezeguet,4146,3.0
02/03,Patellar tendon problems,2002-07-31,2002-12-20,142.0,33,Trezeguet,4146,20.3
00/01,Muscle injury,2001-01-28,2001-03-01,32.0,7,Trezeguet,4146,4.6
24/25,Muscle injury,2025-02-13,2025-04-28,74.0,14,Anastasios Bakasetas,162571,10.6
23/24,Knee problems,2024-01-13,2024-01-19,6.0,2,Anastasios Bakasetas,162571,0.9
23/24,Groin injury,2023-10-16,2023-11-01,16.0,2,Anastasios Bakasetas,162571,2.3
22/23,Muscle injury,2023-03-03,2023-03-19,16.0,3,Anastasios Bakasetas,162571,2.3
22/23,Groin injury,2022-08-24,2022-08-31,7.0,2,Anastasios Bakasetas,162571,1.0
22/23,Groin injury,2022-08-20,2022-08-23,3.0,1,Anastasios Bakasetas,162571,0.4
21/22,Corona virus,2022-01-29,2022-02-03,5.0,-,Anastasios Bakasetas,162571,0.7
21/22,Edema in the knee,2021-11-06,2021-11-26,20.0,4,Anastasios Bakasetas,162571,2.9
21/22,Hamstring strain,2021-10-22,2021-10-28,6.0,1,Anastasios Bakasetas,162571,0.9
16/17,Adductor pain,2016-11-03,2016-11-06,3.0,1,Anastasios Bakasetas,162571,0.4
24/25,Cruciate ligament tear,2024-10-27,2025-06-11,227.0,38,Yusuf Yazıcı,386726,32.4
23/24,Knock,2024-05-06,2024-05-20,14.0,3,Yusuf Yazıcı,386726,2.0
22/23,muscular problems,2023-05-21,2023-06-07,17.0,4,Yusuf Yazıcı,386726,2.4
22/23,muscular problems,2023-04-28,2023-05-03,5.0,1,Yusuf Yazıcı,386726,0.7
22/23,unknown injury,2022-11-29,2022-12-13,14.0,-,Yusuf Yazıcı,386726,2.0
22/23,Inner ligament stretch of the knee,2022-09-08,2022-09-26,18.0,6,Yusuf Yazıcı,386726,2.6
21/22,Back problems,2022-05-12,2022-06-15,34.0,6,Yusuf Yazıcı,386726,4.9
21/22,unknown injury,2022-03-28,2022-04-01,4.0,1,Yusuf Yazıcı,386726,0.6
20/21,Corona virus,2021-04-02,2021-04-14,12.0,2,Yusuf Yazıcı,386726,1.7
20/21,Foot injury,2021-02-03,2021-02-08,5.0,2,Yusuf Yazıcı,386726,0.7
20/21,Corona virus,2021-01-04,2021-01-10,6.0,2,Yusuf Yazıcı,386726,0.9
19/20,Cruciate ligament tear,2019-12-21,2020-04-27,128.0,15,Yusuf Yazıcı,386726,18.3
18/19,Hamstring injury,2018-10-27,2018-11-10,14.0,4,Yusuf Yazıcı,386726,2.0
17/18,strain,2017-11-27,2017-12-01,4.0,1,Yusuf Yazıcı,386726,0.6
21/22,Groin problems,2021-09-10,2021-09-24,14.0,4,Davy Klaassen,182932,2.0
20/21,Calf injury,2021-05-13,2021-05-24,11.0,2,Davy Klaassen,182932,1.6
17/18,Foot injury,2017-08-23,2017-09-07,15.0,4,Davy Klaassen,182932,2.1
16/17,Knee injury,2017-05-28,2017-06-01,4.0,1,Davy Klaassen,182932,0.6
16/17,Rest,2016-11-24,2016-11-24,0.0,1,Davy Klaassen,182932,0.0
16/17,Rest,2016-10-26,2016-10-26,0.0,1,Davy Klaassen,182932,0.0
16/17,Rest,2016-09-21,2016-09-21,0.0,1,Davy Klaassen,182932,0.0
16/17,Shoulder injury,2016-07-09,2016-07-17,8.0,-,Davy Klaassen,182932,1.1
15/16,Knee problems,2016-03-27,2016-03-31,4.0,1,Davy Klaassen,182932,0.6
15/16,Knee problems,2016-01-07,2016-01-30,23.0,3,Davy Klaassen,182932,3.3
15/16,Knee problems,2015-11-11,2015-11-18,7.0,1,Davy Klaassen,182932,1.0
15/16,concussion,2015-10-26,2015-10-30,4.0,1,Davy Klaassen,182932,0.6
15/16,concussion,2015-10-05,2015-10-13,8.0,2,Davy Klaassen,182932,1.1
14/15,Injury to abdominal muscles,2015-05-01,2015-06-25,55.0,4,Davy Klaassen,182932,7.9
14/15,Injury to abdominal muscles,2015-02-04,2015-02-06,2.0,1,Davy Klaassen,182932,0.3
23/24,unknown injury,2024-01-26,2024-01-30,4.0,1,Edgar Ié,191987,0.6
23/24,unknown injury,2023-12-18,2023-12-21,3.0,1,Edgar Ié,191987,0.4
23/24,Fitness,2023-11-22,2023-12-11,19.0,4,Edgar Ié,191987,2.7
23/24,unknown injury,2023-10-19,2023-11-22,34.0,6,Edgar Ié,191987,4.9
23/24,unknown injury,2023-08-26,2023-10-03,38.0,6,Edgar Ié,191987,5.4
22/23,Calf injury,2023-05-20,2023-06-05,16.0,4,Edgar Ié,191987,2.3
22/23,Knock,2023-03-13,2023-04-10,28.0,7,Edgar Ié,191987,4.0
22/23,unknown injury,2023-02-21,2023-03-07,14.0,1,Edgar Ié,191987,2.0
21/22,Cruciate ligament tear,2021-12-21,2022-07-21,212.0,10,Edgar Ié,191987,30.3
20/21,Groin injury,2021-04-24,2021-05-05,11.0,2,Edgar Ié,191987,1.6
19/20,Hamstring injury,2020-01-01,2020-01-27,26.0,2,Edgar Ié,191987,3.7
19/20,Hamstring injury,2019-11-07,2019-12-20,43.0,11,Edgar Ié,191987,6.1
19/20,Knock,2019-10-24,2019-10-31,7.0,2,Edgar Ié,191987,1.0
15/16,Muscle injury,2015-10-28,2016-02-14,109.0,19,Edgar Ié,191987,15.6
13/14,Muscle injury,2013-08-21,2013-12-06,107.0,34,Edgar Ié,191987,15.3
22/23,Knee injury,2023-04-10,2023-06-19,70.0,8,Ryan Kent,279457,10.0
22/23,Metatarsal bruise,2022-08-01,2022-08-14,13.0,4,Ryan Kent,279457,1.9
21/22,Hamstring injury,2021-09-16,2021-11-03,48.0,11,Ryan Kent,279457,6.9
19/20,Hamstring injury,2019-09-14,2019-11-02,49.0,11,Ryan Kent,279457,7.0
18/19,Hamstring injury,2018-11-05,2018-12-10,35.0,7,Ryan Kent,279457,5.0
25/26,unknown injury,2025-08-20,2025-08-26,6.0,2,Mert Günok,51894,0.9
24/25,unknown injury,2025-03-15,2025-03-27,12.0,1,Mert Günok,51894,1.7
24/25,Shoulder injury,2024-10-20,2024-11-02,13.0,4,Mert Günok,51894,1.9
24/25,unknown injury,2024-10-06,2024-10-15,9.0,3,Mert Günok,51894,1.3
24/25,Shoulder injury,2024-09-30,2024-10-05,5.0,2,Mert Günok,51894,0.7
23/24,Knee injury,2024-06-21,2024-06-26,5.0,2,Mert Günok,51894,0.7
23/24,Foot injury,2024-04-13,2024-04-21,8.0,2,Mert Günok,51894,1.1
23/24,Chest injury,2024-04-04,2024-04-11,7.0,1,Mert Günok,51894,1.0
23/24,Knee problems,2023-12-12,2023-12-16,4.0,1,Mert Günok,51894,0.6
23/24,Knee injury,2023-09-27,2023-10-18,21.0,6,Mert Günok,51894,3.0
21/22,Fitness,2022-06-15,2022-08-10,56.0,1,Mert Günok,51894,8.0
21/22,Cruciate ligament tear,2021-11-27,2022-06-15,200.0,36,Mert Günok,51894,28.6
20/21,Corona virus,2021-04-02,2021-04-13,11.0,2,Mert Günok,51894,1.6
20/21,Fitness,2021-01-12,2021-01-17,5.0,2,Mert Günok,51894,0.7
20/21,unknown injury,2020-12-22,2021-01-12,21.0,5,Mert Günok,51894,3.0
24/25,Fitness,2025-04-01,2025-04-26,25.0,5,Necip Uysal,77710,3.6
24/25,Cruciate ligament tear,2024-08-24,2025-04-01,220.0,37,Necip Uysal,77710,31.4
23/24,Whiplash,2024-01-05,2024-01-11,6.0,2,Necip Uysal,77710,0.9
23/24,Hamstring injury,2023-12-12,2024-01-02,21.0,3,Necip Uysal,77710,3.0
21/22,pneumonia,2022-01-03,2022-01-08,5.0,1,Necip Uysal,77710,0.7
21/22,Torn lateral knee ligament,2021-12-19,2022-01-03,15.0,4,Necip Uysal,77710,2.1
21/22,Knee problems,2021-09-18,2021-09-30,12.0,4,Necip Uysal,77710,1.7
20/21,Corona virus,2020-11-09,2020-11-18,9.0,-,Necip Uysal,77710,1.3
20/21,pneumonia,2020-11-05,2020-11-09,4.0,1,Necip Uysal,77710,0.6
17/18,unknown injury,2017-12-07,2017-12-13,6.0,2,Necip Uysal,77710,0.9
16/17,Torn thigh muscle,2017-02-27,2017-03-09,10.0,3,Necip Uysal,77710,1.4
16/17,Hamstring strain,2016-10-27,2016-11-21,25.0,4,Necip Uysal,77710,3.6
14/15,Torn thigh muscle,2014-12-15,2015-01-05,21.0,5,Necip Uysal,77710,3.0
13/14,Ankle ligament tear,2014-05-05,2014-05-19,14.0,2,Necip Uysal,77710,2.0
13/14,Calf muscle tear,2014-01-27,2014-02-06,10.0,1,Necip Uysal,77710,1.4
24/25,Hamstring strain,2024-10-03,2024-10-23,20.0,3,Ersin Destanoğlu,500091,2.9
22/23,Appendectomy,2023-05-22,2023-06-08,17.0,2,Ersin Destanoğlu,500091,2.4
21/22,Ligament stretching,2022-05-13,2022-06-15,33.0,2,Ersin Destanoğlu,500091,4.7
23/24,Fitness,2024-05-16,2024-05-19,3.0,1,Daniel Amartey,214056,0.4
23/24,Hip problems,2024-05-10,2024-05-16,6.0,1,Daniel Amartey,214056,0.9
23/24,Groin injury,2023-11-17,2023-12-02,15.0,3,Daniel Amartey,214056,2.1
23/24,Hamstring strain,2023-10-21,2023-11-07,17.0,4,Daniel Amartey,214056,2.4
23/24,unknown injury,2023-10-08,2023-10-12,4.0,1,Daniel Amartey,214056,0.6
23/24,Hip problems,2023-09-14,2023-09-18,4.0,1,Daniel Amartey,214056,0.6
23/24,unknown injury,2023-08-29,2023-09-12,14.0,4,Daniel Amartey,214056,2.0
20/21,Hamstring injury,2020-10-05,2020-12-19,75.0,19,Daniel Amartey,214056,10.7
19/20,Ankle injury,2019-12-20,2020-09-12,267.0,27,Daniel Amartey,214056,38.1
18/19,Ankle surgery,2018-10-28,2019-09-23,330.0,46,Daniel Amartey,214056,47.1
17/18,Hamstring injury,2018-03-03,2018-05-14,72.0,11,Daniel Amartey,214056,10.3
13/14,Leg injury,2013-04-28,2013-05-05,7.0,2,Daniel Amartey,214056,1.0
13/14,Broken cheekbone,2013-04-16,2013-04-25,9.0,2,Daniel Amartey,214056,1.3
24/25,Muscle injury,2024-11-04,2024-12-04,30.0,4,Eric Bailly,286384,4.3
23/24,Muscle injury,2024-02-03,2024-02-16,13.0,3,Eric Bailly,286384,1.9
23/24,Hamstring strain,2023-11-22,2023-12-06,14.0,3,Eric Bailly,286384,2.0
23/24,Neck injury,2023-11-09,2023-11-17,8.0,2,Eric Bailly,286384,1.1
23/24,Shoulder injury,2023-10-08,2023-10-29,21.0,3,Eric Bailly,286384,3.0
23/24,Hamstring strain,2023-10-08,2023-10-29,21.0,3,Eric Bailly,286384,3.0
22/23,Dead leg,2022-10-21,2022-12-22,62.0,8,Eric Bailly,286384,8.9
22/23,Thigh problems,2022-09-14,2022-09-29,15.0,3,Eric Bailly,286384,2.1
21/22,Ankle injury,2022-02-03,2022-02-16,13.0,4,Eric Bailly,286384,1.9
20/21,Corona virus,2021-03-31,2021-04-20,20.0,5,Eric Bailly,286384,2.9
20/21,Knock,2021-03-17,2021-03-25,8.0,2,Eric Bailly,286384,1.1
20/21,Knock,2021-02-03,2021-02-13,10.0,2,Eric Bailly,286384,1.4
20/21,Knock,2021-01-21,2021-01-29,8.0,2,Eric Bailly,286384,1.1
20/21,Muscle injury,2020-10-18,2020-12-01,44.0,11,Eric Bailly,286384,6.3
19/20,Neck injury,2020-07-20,2020-07-25,5.0,1,Eric Bailly,286384,0.7
24/25,unknown injury,2025-05-12,2025-05-19,7.0,1,İrfan Can Kahveci,216603,1.0
24/25,influenza,2025-02-04,2025-02-06,2.0,1,İrfan Can Kahveci,216603,0.3
24/25,Torn thigh muscle,2024-11-03,2024-11-20,17.0,5,İrfan Can Kahveci,216603,2.4
23/24,unknown injury,2024-06-10,2024-06-24,14.0,2,İrfan Can Kahveci,216603,2.0
23/24,Calf muscle tear,2024-05-06,2024-05-26,20.0,4,İrfan Can Kahveci,216603,2.9
23/24,Muscle tear,2024-02-23,2024-03-09,15.0,4,İrfan Can Kahveci,216603,2.1
23/24,Rest,2023-10-04,2023-10-06,2.0,1,İrfan Can Kahveci,216603,0.3
22/23,strain,2022-07-27,2022-08-16,20.0,5,İrfan Can Kahveci,216603,2.9
21/22,Broken shoulder,2022-02-05,2022-02-21,16.0,5,İrfan Can Kahveci,216603,2.3
21/22,Fitness,2021-10-16,2021-10-22,6.0,2,İrfan Can Kahveci,216603,0.9
21/22,Hamstring injury,2021-09-12,2021-10-16,34.0,9,İrfan Can Kahveci,216603,4.9
21/22,Fitness,2021-09-05,2021-09-08,3.0,1,İrfan Can Kahveci,216603,0.4
21/22,Hamstring injury,2021-08-19,2021-09-05,17.0,6,İrfan Can Kahveci,216603,2.4
20/21,Hamstring strain,2021-05-11,2021-05-28,17.0,3,İrfan Can Kahveci,216603,2.4
20/21,Corona virus,2021-03-22,2021-04-03,12.0,3,İrfan Can Kahveci,216603,1.7
25/26,Shoulder injury,2025-08-12,2025-08-19,7.0,2,Mert Müldür,353922,1.0
24/25,unknown injury,2025-04-20,2025-05-02,12.0,2,Mert Müldür,353922,1.7
24/25,Shoulder injury,2025-01-22,2025-02-11,20.0,6,Mert Müldür,353922,2.9
22/23,Fitness,2023-02-24,2023-05-07,72.0,12,Mert Müldür,353922,10.3
22/23,Fitness,2023-01-14,2023-02-13,30.0,5,Mert Müldür,353922,4.3
22/23,Broken ankle,2022-08-15,2023-01-13,151.0,21,Mert Müldür,353922,21.6
20/21,Quarantine,2021-04-01,2021-04-08,7.0,2,Mert Müldür,353922,1.0
25/26,Fitness,2025-08-01,2025-08-07,6.0,1,İsmail Yüksek,613725,0.9
25/26,unknown injury,2025-07-16,2025-08-01,16.0,-,İsmail Yüksek,613725,2.3
24/25,minor knock,2025-04-05,2025-04-07,2.0,1,İsmail Yüksek,613725,0.3
24/25,unknown injury,2025-03-12,2025-03-15,3.0,1,İsmail Yüksek,613725,0.4
24/25,Fitness,2025-02-28,2025-03-07,7.0,2,İsmail Yüksek,613725,1.0
24/25,Torn thigh muscle,2025-02-09,2025-02-28,19.0,6,İsmail Yüksek,613725,2.7
24/25,Fitness,2025-01-24,2025-01-27,3.0,1,İsmail Yüksek,613725,0.4
24/25,Partial muscle tear,2025-01-02,2025-01-24,22.0,5,İsmail Yüksek,613725,3.1
24/25,Shoulder injury,2024-10-03,2024-10-21,18.0,4,İsmail Yüksek,613725,2.6
23/24,Torn ankle ligaments,2024-04-27,2024-06-01,35.0,5,İsmail Yüksek,613725,5.0
23/24,Hamstring injury,2024-04-02,2024-04-08,6.0,2,İsmail Yüksek,613725,0.9
22/23,Torn thigh muscle,2023-04-29,2023-05-06,7.0,2,İsmail Yüksek,613725,1.0
22/23,bruise,2022-10-25,2022-10-28,3.0,1,İsmail Yüksek,613725,0.4
22/23,Fitness,2022-08-31,2022-09-04,4.0,1,İsmail Yüksek,613725,0.6
22/23,bruise,2022-08-28,2022-08-31,3.0,1,İsmail Yüksek,613725,0.4
24/25,Muscle injury,2025-02-05,2025-02-22,17.0,5,Alexander Djiku,250844,2.4
24/25,unknown injury,2024-11-10,2024-11-21,11.0,3,Alexander Djiku,250844,1.6
24/25,bruise,2024-11-03,2024-11-09,6.0,2,Alexander Djiku,250844,0.9
24/25,Fitness,2024-09-10,2024-09-16,6.0,1,Alexander Djiku,250844,0.9
24/25,Hamstring strain,2024-08-30,2024-09-10,11.0,3,Alexander Djiku,250844,1.6
23/24,Fitness,2024-04-12,2024-04-15,3.0,1,Alexander Djiku,250844,0.4
23/24,bruise,2024-04-03,2024-04-12,9.0,3,Alexander Djiku,250844,1.3
23/24,fracture,2023-10-26,2023-12-05,40.0,10,Alexander Djiku,250844,5.7
23/24,unknown injury,2023-10-08,2023-10-15,7.0,2,Alexander Djiku,250844,1.0
23/24,unknown injury,2023-07-26,2023-08-09,14.0,2,Alexander Djiku,250844,2.0
22/23,Muscle injury,2023-03-01,2023-03-08,7.0,1,Alexander Djiku,250844,1.0
22/23,muscular problems,2022-10-24,2022-11-01,8.0,1,Alexander Djiku,250844,1.1
20/21,Adductor pain,2021-03-04,2021-04-04,31.0,5,Alexander Djiku,250844,4.4
17/18,Achilles tendon problems,2017-09-14,2017-11-18,65.0,10,Alexander Djiku,250844,9.3
16/17,Broken arm,2016-08-28,2017-01-01,126.0,22,Alexander Djiku,250844,18.0
23/24,unknown injury,2023-11-21,2024-01-25,65.0,13,Miha Zajc,149829,9.3
23/24,Rest,2023-09-27,2023-09-29,2.0,1,Miha Zajc,149829,0.3
23/24,unknown injury,2023-08-20,2023-09-04,15.0,4,Miha Zajc,149829,2.1
22/23,Fitness,2023-04-25,2023-04-30,5.0,1,Miha Zajc,149829,0.7
22/23,Torn thigh muscle,2023-04-16,2023-04-25,9.0,2,Miha Zajc,149829,1.3
22/23,muscular problems,2022-10-12,2022-10-18,6.0,2,Miha Zajc,149829,0.9
21/22,unknown injury,2022-02-22,2022-02-25,3.0,1,Miha Zajc,149829,0.4
21/22,unknown injury,2022-02-02,2022-02-09,7.0,2,Miha Zajc,149829,1.0
21/22,unknown injury,2021-09-12,2021-09-28,16.0,5,Miha Zajc,149829,2.3
20/21,Corona virus,2020-10-02,2020-10-19,17.0,4,Miha Zajc,149829,2.4
19/20,Torn ankle ligaments,2019-12-14,2020-01-15,32.0,5,Miha Zajc,149829,4.6
23/24,minor knock,2024-04-02,2024-04-04,2.0,1,Michy Batshuayi,179184,0.3
22/23,Fitness,2023-04-11,2023-04-30,19.0,4,Michy Batshuayi,179184,2.7
22/23,Groin injury,2023-03-16,2023-04-11,26.0,7,Michy Batshuayi,179184,3.7
22/23,unknown injury,2023-02-26,2023-03-07,9.0,1,Michy Batshuayi,179184,1.3
21/22,Tonsillitis,2021-11-17,2021-11-22,5.0,1,Michy Batshuayi,179184,0.7
21/22,Hamstring strain,2021-10-30,2021-11-21,22.0,6,Michy Batshuayi,179184,3.1
21/22,Inner ligament stretch of the knee,2021-09-21,2021-09-25,4.0,2,Michy Batshuayi,179184,0.6
17/18,Torn ankle ligaments,2018-04-16,2018-05-21,35.0,4,Michy Batshuayi,179184,5.0
17/18,Ankle injury,2017-11-09,2017-11-30,21.0,6,Michy Batshuayi,179184,3.0
24/25,Muscle injury,2025-05-14,2025-06-11,28.0,6,Uğurcan Çakır,292199,4.0
24/25,Muscle injury,2025-04-27,2025-05-06,9.0,2,Uğurcan Çakır,292199,1.3
23/24,Hamstring injury,2024-03-04,2024-03-12,8.0,2,Uğurcan Çakır,292199,1.1
23/24,Knee bruise,2023-11-21,2023-11-30,9.0,1,Uğurcan Çakır,292199,1.3
22/23,unknown injury,2023-05-30,2023-06-07,8.0,3,Uğurcan Çakır,292199,1.1
22/23,Injury to abdominal muscles,2022-08-24,2022-09-03,10.0,3,Uğurcan Çakır,292199,1.4
20/21,Corona virus,2021-02-14,2021-02-25,11.0,1,Uğurcan Çakır,292199,1.6
20/21,Hamstring strain,2020-09-26,2020-10-03,7.0,2,Uğurcan Çakır,292199,1.0
19/20,Injury to the ankle,2019-12-28,2020-01-17,20.0,2,Uğurcan Çakır,292199,2.9
18/19,Torn thigh muscle,2019-02-02,2019-02-18,16.0,4,Uğurcan Çakır,292199,2.3
15/16,Fitness,2016-02-29,2016-03-07,7.0,1,Uğurcan Çakır,292199,1.0
15/16,Injury to the ankle,2016-02-18,2016-02-29,11.0,2,Uğurcan Çakır,292199,1.6
15/16,Injury to abdominal muscles,2015-10-10,2015-11-08,29.0,5,Uğurcan Çakır,292199,4.1
25/26,Meniscus irritation,2025-08-16,2025-09-01,16.0,3,Onuralp Çevikkan,1054214,2.3
25/26,Fitness,2025-08-08,2025-08-12,4.0,1,Onuralp Çevikkan,1054214,0.6
24/25,Meniscus tear,2025-03-12,2025-05-31,80.0,14,Onuralp Çevikkan,1054214,11.4
24/25,Fitness,2025-02-18,2025-03-09,19.0,4,Onuralp Çevikkan,1054214,2.7
24/25,Broken finger,2025-01-16,2025-02-18,33.0,5,Onuralp Çevikkan,1054214,4.7
04/05,unknown injury,2005-04-15,2005-05-02,17.0,3,Ahmet Yıldırım,6905,2.4
04/05,Pelvic contusion,2004-12-02,2004-12-07,5.0,1,Ahmet Yıldırım,6905,0.7
02/03,Broken nose bone,2003-04-05,2003-04-14,9.0,2,Ahmet Yıldırım,6905,1.3
02/03,Fitness,2002-09-29,2002-10-10,11.0,2,Ahmet Yıldırım,6905,1.6
01/02,Calf strain,2002-01-13,2002-01-22,9.0,1,Ahmet Yıldırım,6905,1.3
00/01,flu,2001-02-01,2001-02-07,6.0,2,Ahmet Yıldırım,6905,0.9
00/01,Groin strain,2000-10-09,2000-11-02,24.0,7,Ahmet Yıldırım,6905,3.4
00/01,Groin strain,2000-09-27,2000-10-05,8.0,2,Ahmet Yıldırım,6905,1.1
00/01,Injury to the ankle,2000-08-05,2000-08-23,18.0,6,Ahmet Yıldırım,6905,2.6
99/00,Groin strain,1999-12-22,2000-02-15,55.0,11,Ahmet Yıldırım,6905,7.9
99/00,Groin strain,1999-12-09,1999-12-19,10.0,4,Ahmet Yıldırım,6905,1.4
24/25,Partial muscle tear,2025-05-14,2025-05-31,17.0,4,Arseniy Batagov,665048,2.4
24/25,Muscle injury,2025-03-20,2025-04-07,18.0,3,Arseniy Batagov,665048,2.6
24/25,Groin injury,2024-12-14,2024-12-23,9.0,2,Arseniy Batagov,665048,1.3
24/25,Fitness,2024-10-09,2024-10-27,18.0,2,Arseniy Batagov,665048,2.6
24/25,Adductor injury,2024-09-24,2024-10-09,15.0,2,Arseniy Batagov,665048,2.1
23/24,unknown injury,2024-05-11,2024-05-20,9.0,2,Arseniy Batagov,665048,1.3
23/24,Muscle injury,2023-09-15,2023-10-09,24.0,5,Arseniy Batagov,665048,3.4
21/22,unknown injury,2022-05-31,2022-06-19,19.0,-,Arseniy Batagov,665048,2.7
24/25,unknown injury,2025-04-15,2025-04-30,15.0,3,Serdar Saatçı,655899,2.1
24/25,unknown injury,2025-01-30,2025-02-06,7.0,2,Serdar Saatçı,655899,1.0
24/25,Muscle injury,2024-10-30,2024-11-20,21.0,2,Serdar Saatçı,655899,3.0
24/25,strain,2024-10-05,2024-10-12,7.0,2,Serdar Saatçı,655899,1.0
23/24,unknown injury,2024-03-16,2024-03-27,11.0,3,Serdar Saatçı,655899,1.6
21/22,pneumonia,2022-01-03,2022-01-08,5.0,1,Serdar Saatçı,655899,0.7
21/22,unknown injury,2021-11-16,2021-11-29,13.0,3,Serdar Saatçı,655899,1.9
24/25,Back injury,2025-06-01,2025-06-15,14.0,2,Thibaut Courtois,108390,2.0
24/25,Muscle injury,2025-03-19,2025-04-04,16.0,4,Thibaut Courtois,108390,2.3
24/25,Achilles tendon problems,2024-10-23,2024-11-23,31.0,5,Thibaut Courtois,108390,4.4
24/25,Adductor tear,2024-09-30,2024-10-18,18.0,4,Thibaut Courtois,108390,2.6
23/24,Meniscus tear,2024-04-01,2024-04-28,27.0,5,Thibaut Courtois,108390,3.9
23/24,Cruciate ligament tear,2023-08-10,2024-03-31,234.0,50,Thibaut Courtois,108390,33.4
22/23,Adductor pain,2023-03-26,2023-03-30,4.0,1,Thibaut Courtois,108390,0.6
22/23,Hamstring injury,2023-02-06,2023-02-17,11.0,3,Thibaut Courtois,108390,1.6
22/23,Sciatica problems,2022-09-29,2022-10-17,18.0,5,Thibaut Courtois,108390,2.6
21/22,Inflammation of pubic bone,2022-05-30,2022-06-30,31.0,4,Thibaut Courtois,108390,4.4
21/22,Corona virus,2021-12-30,2022-01-03,4.0,1,Thibaut Courtois,108390,0.6
20/21,Achilles tendon problems,2020-10-05,2020-10-15,10.0,3,Thibaut Courtois,108390,1.4
19/20,Muscle injury,2020-03-09,2020-03-26,17.0,-,Thibaut Courtois,108390,2.4
19/20,stomach problems,2019-10-03,2019-10-07,4.0,1,Thibaut Courtois,108390,0.6
19/20,Bone sprain,2019-07-29,2019-08-05,7.0,-,Thibaut Courtois,108390,1.0
25/26,unknown injury,2025-09-01,,,-,Andriy Lunin,404839,
24/25,Hand injury,2025-05-14,2025-05-17,3.0,1,Andriy Lunin,404839,0.4
24/25,Muscle injury,2025-04-06,2025-04-17,11.0,3,Andriy Lunin,404839,1.6
24/25,infection,2024-10-06,2024-10-16,10.0,-,Andriy Lunin,404839,1.4
23/24,Back problems,2023-10-08,2023-10-18,10.0,-,Andriy Lunin,404839,1.4
21/22,inflammation,2022-02-25,2022-03-01,4.0,1,Andriy Lunin,404839,0.6
21/22,Corona virus,2021-12-16,2021-12-24,8.0,2,Andriy Lunin,404839,1.1
21/22,Corona virus,2021-08-25,2021-09-06,12.0,1,Andriy Lunin,404839,1.7
20/21,Corona virus,2020-10-05,2020-10-09,4.0,-,Andriy Lunin,404839,0.6
24/25,Cruciate ligament tear,2024-11-09,2025-06-30,233.0,49,Éder Militão,401530,33.3
24/25,Muscle injury,2024-10-08,2024-10-18,10.0,-,Éder Militão,401530,1.4
24/25,muscular problems,2024-09-06,2024-09-13,7.0,-,Éder Militão,401530,1.0
23/24,Fitness,2024-03-13,2024-03-30,17.0,3,Éder Militão,401530,2.4
23/24,Cruciate ligament tear,2023-08-13,2024-03-13,213.0,45,Éder Militão,401530,30.4
22/23,Muscle injury,2023-02-03,2023-02-09,6.0,2,Éder Militão,401530,0.9
22/23,Hamstring injury,2022-09-06,2022-09-16,10.0,3,Éder Militão,401530,1.4
21/22,flu,2022-03-14,2022-03-18,4.0,1,Éder Militão,401530,0.6
20/21,Knock,2021-02-07,2021-03-05,26.0,5,Éder Militão,401530,3.7
20/21,Corona virus,2020-11-02,2020-11-17,15.0,3,Éder Militão,401530,2.1
20/21,Knock,2020-09-16,2020-10-16,30.0,6,Éder Militão,401530,4.3
17/18,Hamstring strain,2017-10-31,2017-11-05,5.0,1,Éder Militão,401530,0.7
24/25,Meniscus tear,2025-04-29,2025-07-31,93.0,11,David Alaba,59016,13.3
24/25,Adductor injury,2025-02-04,2025-02-18,14.0,4,David Alaba,59016,2.0
23/24,Cruciate ligament tear,2023-12-18,2025-01-04,383.0,73,David Alaba,59016,54.7
23/24,Adductor pain,2023-09-27,2023-10-19,22.0,6,David Alaba,59016,3.1
22/23,Hamstring injury,2023-02-22,2023-03-22,28.0,6,David Alaba,59016,4.0
22/23,Muscle injury,2023-01-09,2023-02-03,25.0,7,David Alaba,59016,3.6
21/22,Fitness,2022-06-02,2022-06-06,4.0,2,David Alaba,59016,0.6
21/22,Adductor pain,2022-05-05,2022-05-26,21.0,4,David Alaba,59016,3.0
21/22,Adductor pain,2022-04-28,2022-05-02,4.0,1,David Alaba,59016,0.6
21/22,muscular problems,2022-02-24,2022-02-28,4.0,1,David Alaba,59016,0.6
21/22,muscular problems,2022-01-10,2022-01-13,3.0,1,David Alaba,59016,0.4
21/22,Corona virus,2021-12-20,2021-12-27,7.0,1,David Alaba,59016,1.0
21/22,muscular problems,2021-09-09,2021-09-13,4.0,1,David Alaba,59016,0.6
21/22,Corona virus,2021-07-29,2021-08-02,4.0,-,David Alaba,59016,0.6
20/21,Muscle injury,2021-03-11,2021-03-15,4.0,1,David Alaba,59016,0.6
25/26,muscular problems,2025-07-07,2025-07-13,6.0,1,Trent Alexander-Arnold,314353,0.9
24/25,Ankle injury,2025-03-12,2025-04-17,36.0,4,Trent Alexander-Arnold,314353,5.1
24/25,Hamstring injury,2025-02-02,2025-02-11,9.0,2,Trent Alexander-Arnold,314353,1.3
24/25,Hamstring injury,2024-11-09,2024-11-25,16.0,2,Trent Alexander-Arnold,314353,2.3
23/24,Torn lateral knee ligament,2024-02-13,2024-04-08,55.0,12,Trent Alexander-Arnold,314353,7.9
23/24,Torn lateral knee ligament,2024-01-08,2024-01-28,20.0,4,Trent Alexander-Arnold,314353,2.9
23/24,Hamstring injury,2023-09-04,2023-09-29,25.0,4,Trent Alexander-Arnold,314353,3.6
22/23,Ankle problems,2022-10-10,2022-10-15,5.0,1,Trent Alexander-Arnold,314353,0.7
21/22,Hamstring injury,2022-03-17,2022-03-31,14.0,1,Trent Alexander-Arnold,314353,2.0
21/22,Corona virus,2022-01-03,2022-01-13,10.0,2,Trent Alexander-Arnold,314353,1.4
21/22,muscular problems,2021-09-27,2021-10-14,17.0,2,Trent Alexander-Arnold,314353,2.4
21/22,Hamstring injury,2021-06-03,2021-07-12,39.0,-,Trent Alexander-Arnold,314353,5.6
20/21,Calf injury,2020-11-09,2020-12-07,28.0,5,Trent Alexander-Arnold,314353,4.0
19/20,Ill,2019-10-21,2019-10-28,7.0,2,Trent Alexander-Arnold,314353,1.0
18/19,Back problems,2019-03-18,2019-04-01,14.0,1,Trent Alexander-Arnold,314353,2.0
24/25,Lumbago,2025-05-25,2025-06-15,21.0,2,Federico Valverde,369081,3.0
24/25,muscular problems,2025-02-25,2025-03-02,5.0,2,Federico Valverde,369081,0.7
22/23,Dead leg,2022-10-23,2022-10-27,4.0,1,Federico Valverde,369081,0.6
21/22,flu,2022-03-03,2022-03-07,4.0,1,Federico Valverde,369081,0.6
21/22,Corona virus,2021-12-29,2022-01-01,3.0,-,Federico Valverde,369081,0.4
21/22,sprain,2021-10-25,2021-11-26,32.0,8,Federico Valverde,369081,4.6
20/21,Corona virus,2021-04-21,2021-05-03,12.0,4,Federico Valverde,369081,1.7
20/21,Quarantine,2021-04-17,2021-04-20,3.0,1,Federico Valverde,369081,0.4
20/21,muscular problems,2021-03-23,2021-04-05,13.0,1,Federico Valverde,369081,1.9
20/21,Muscle injury,2021-01-21,2021-02-26,36.0,7,Federico Valverde,369081,5.1
20/21,Shin injury,2020-11-09,2020-12-11,32.0,8,Federico Valverde,369081,4.6
19/20,Muscle injury,2019-09-13,2019-09-20,7.0,2,Federico Valverde,369081,1.0
17/18,Knee injury,2018-02-13,2018-04-02,48.0,9,Federico Valverde,369081,6.9
17/18,Ill,2018-01-05,2018-01-12,7.0,1,Federico Valverde,369081,1.0
24/25,ankle sprain,2024-11-06,2024-12-02,26.0,4,Aurelien Tchouameni,413112,3.7
24/25,Foot injury,2024-09-02,2024-09-16,14.0,1,Aurelien Tchouameni,413112,2.0
23/24,Foot injury,2024-05-08,2024-05-29,21.0,5,Aurelien Tchouameni,413112,3.0
23/24,fatigue fracture,2023-10-28,2023-12-14,47.0,11,Aurelien Tchouameni,413112,6.7
22/23,flu,2023-02-18,2023-02-20,2.0,1,Aurelien Tchouameni,413112,0.3
22/23,Muscle injury,2023-01-09,2023-02-01,23.0,6,Aurelien Tchouameni,413112,3.3
22/23,Muscle injury,2022-10-30,2022-11-04,5.0,2,Aurelien Tchouameni,413112,0.7
21/22,Groin injury,2021-12-30,2022-01-06,7.0,1,Aurelien Tchouameni,413112,1.0
20/21,Ankle injury,2021-04-01,2021-04-05,4.0,1,Aurelien Tchouameni,413112,0.6
23/24,Muscle injury,2023-11-08,2023-12-31,53.0,11,Arda Güler,861410,7.6
23/24,Muscle injury,2023-09-26,2023-10-29,33.0,9,Arda Güler,861410,4.7
23/24,Meniscus damage,2023-07-29,2023-09-26,59.0,9,Arda Güler,861410,8.4
22/23,Fitness,2022-12-17,2022-12-25,8.0,2,Arda Güler,861410,1.1
22/23,Knee injury,2022-11-19,2022-12-17,28.0,-,Arda Güler,861410,4.0
22/23,Stomach flu,2022-09-26,2022-09-30,4.0,-,Arda Güler,861410,0.6
21/22,Stress reaction of the bone,2022-05-05,2022-06-23,49.0,7,Arda Güler,861410,7.0
21/22,laceration wound,2021-12-22,2022-02-01,41.0,7,Arda Güler,861410,5.9
24/25,Muscle injury,2025-02-27,2025-04-07,39.0,8,Dani Ceballos,319745,5.6
24/25,ankle sprain,2024-09-02,2024-10-18,46.0,7,Dani Ceballos,319745,6.6
23/24,Hamstring injury,2023-07-15,2023-08-31,47.0,3,Dani Ceballos,319745,6.7
22/23,Knock,2022-10-06,2022-10-26,20.0,6,Dani Ceballos,319745,2.9
21/22,Muscle injury,2022-05-05,2022-05-14,9.0,2,Dani Ceballos,319745,1.3
21/22,Corona virus,2022-04-14,2022-04-19,5.0,1,Dani Ceballos,319745,0.7
21/22,Ankle injury,2021-07-22,2021-12-18,149.0,35,Dani Ceballos,319745,21.3
20/21,Calf injury,2021-01-15,2021-02-01,17.0,4,Dani Ceballos,319745,2.4
20/21,Ankle injury,2020-10-18,2020-10-24,6.0,1,Dani Ceballos,319745,0.9
19/20,Torn muscle bundle,2019-11-07,2019-12-31,54.0,13,Dani Ceballos,319745,7.7
19/20,Knock,2019-08-08,2019-08-10,2.0,-,Dani Ceballos,319745,0.3
17/18,ankle sprain,2018-01-22,2018-02-13,22.0,4,Dani Ceballos,319745,3.1
16/17,Ankle injury,2017-05-01,2017-05-12,11.0,1,Dani Ceballos,319745,1.6
24/25,ankle sprain,2025-05-12,2025-05-23,11.0,2,Vinícius Jr,371998,1.6
24/25,Muscle injury,2024-11-25,2024-12-08,13.0,4,Vinícius Jr,371998,1.9
24/25,Cervical spine injury,2024-10-06,2024-10-16,10.0,-,Vinícius Jr,371998,1.4
23/24,Torn thigh muscle,2023-11-18,2024-01-01,44.0,8,Vinícius Jr,371998,6.3
23/24,Hamstring muscle injury,2023-08-26,2023-09-26,31.0,6,Vinícius Jr,371998,4.4
22/23,Knee problems,2023-05-24,2023-05-27,3.0,2,Vinícius Jr,371998,0.4
21/22,Corona virus,2021-12-29,2022-01-07,9.0,2,Vinícius Jr,371998,1.3
20/21,Intestinal virus,2020-12-19,2020-12-22,3.0,1,Vinícius Jr,371998,0.4
18/19,Torn lateral knee ligament,2019-03-06,2019-05-03,58.0,11,Vinícius Jr,371998,8.3
24/25,Stomach flu,2025-06-18,2025-06-30,12.0,3,Kylian Mbappé,342229,1.7
24/25,Hamstring injury,2024-12-12,2024-12-17,5.0,1,Kylian Mbappé,342229,0.7
24/25,Muscle injury,2024-09-25,2024-09-30,5.0,1,Kylian Mbappé,342229,0.7
22/23,Hamstring injury,2023-02-02,2023-02-12,10.0,3,Kylian Mbappé,342229,1.4
22/23,Adductor pain,2022-08-05,2022-08-07,2.0,1,Kylian Mbappé,342229,0.3
21/22,infection,2021-10-26,2021-11-02,7.0,1,Kylian Mbappé,342229,1.0
21/22,Calf injury,2021-09-02,2021-09-10,8.0,2,Kylian Mbappé,342229,1.1
20/21,Calf injury,2021-05-05,2021-05-11,6.0,1,Kylian Mbappé,342229,0.9
20/21,Calf injury,2021-04-29,2021-05-03,4.0,1,Kylian Mbappé,342229,0.6
20/21,Thigh problems,2020-11-01,2020-11-15,14.0,4,Kylian Mbappé,342229,2.0
20/21,Corona virus,2020-09-07,2020-09-18,11.0,4,Kylian Mbappé,342229,1.6
20/21,Ankle injury,2020-07-25,2020-08-10,16.0,1,Kylian Mbappé,342229,2.3
19/20,Rest,2020-02-14,2020-02-16,2.0,1,Kylian Mbappé,342229,0.3
19/20,Adductor pain,2019-11-07,2019-11-11,4.0,1,Kylian Mbappé,342229,0.6
19/20,Thigh problems,2019-10-02,2019-10-17,15.0,3,Kylian Mbappé,342229,2.1
24/25,Fever,2025-05-03,2025-05-05,2.0,1,Rodrygo,412363,0.3
24/25,Muscle injury,2024-11-09,2024-11-29,20.0,3,Rodrygo,412363,2.9
24/25,Hamstring injury,2024-10-22,2024-11-04,13.0,2,Rodrygo,412363,1.9
22/23,Rest,2023-05-12,2023-05-15,3.0,1,Rodrygo,412363,0.4
22/23,Rest,2023-05-12,2023-05-15,3.0,1,Rodrygo,412363,0.4
22/23,Rest,2023-05-12,2023-05-15,3.0,1,Rodrygo,412363,0.4
22/23,Rest,2023-05-12,2023-05-15,3.0,1,Rodrygo,412363,0.4
22/23,Left hip flexor problems,2023-02-23,2023-03-01,6.0,1,Rodrygo,412363,0.9
22/23,Muscle fatigue,2022-08-09,2022-08-23,14.0,3,Rodrygo,412363,2.0
21/22,Corona virus,2021-12-16,2021-12-26,10.0,2,Rodrygo,412363,1.4
21/22,Stomach flu,2021-11-28,2021-11-30,2.0,1,Rodrygo,412363,0.3
21/22,Hamstring injury,2021-10-31,2021-11-19,19.0,4,Rodrygo,412363,2.7
20/21,Hamstring injury,2020-12-24,2021-02-27,65.0,12,Rodrygo,412363,9.3
19/20,Hamstring injury,2019-08-14,2019-09-09,26.0,4,Rodrygo,412363,3.7
25/26,Back injury,2025-07-24,2025-12-01,130.0,19,Marc-André ter Stegen,74857,18.6
24/25,Patellar tendon rupture,2024-09-23,2025-04-24,213.0,51,Marc-André ter Stegen,74857,30.4
23/24,Back injury,2023-11-17,2024-02-10,85.0,19,Marc-André ter Stegen,74857,12.1
22/23,Stomach flu,2022-11-14,2022-11-19,5.0,1,Marc-André ter Stegen,74857,0.7
21/22,cold,2022-05-06,2022-05-09,3.0,1,Marc-André ter Stegen,74857,0.4
20/21,Knee surgery,2021-05-17,2021-08-28,103.0,9,Marc-André ter Stegen,74857,14.7
20/21,Rest,2020-12-01,2020-12-03,2.0,1,Marc-André ter Stegen,74857,0.3
20/21,Knee injury,2020-08-17,2020-11-03,78.0,13,Marc-André ter Stegen,74857,11.1
19/20,Knee injury,2019-12-30,2020-01-10,11.0,2,Marc-André ter Stegen,74857,1.6
18/19,Knee problems,2019-05-16,2019-06-16,31.0,4,Marc-André ter Stegen,74857,4.4
18/19,Shoulder injury,2018-11-12,2018-11-20,8.0,2,Marc-André ter Stegen,74857,1.1
17/18,Knee problems,2018-03-24,2018-03-29,5.0,1,Marc-André ter Stegen,74857,0.7
16/17,Muscle injury,2016-09-08,2016-09-12,4.0,1,Marc-André ter Stegen,74857,0.6
16/17,Knee injury,2016-08-11,2016-08-25,14.0,3,Marc-André ter Stegen,74857,2.0
15/16,Knee problems,2015-11-30,2015-12-03,3.0,1,Marc-André ter Stegen,74857,0.4
24/25,Hamstring injury,2025-04-30,2025-06-09,40.0,7,Jules Koundé,411975,5.7
23/24,Knee injury,2023-10-09,2023-10-27,18.0,4,Jules Koundé,411975,2.6
22/23,muscular problems,2022-10-30,2022-11-14,15.0,3,Jules Koundé,411975,2.1
22/23,Achilles tendon problems,2022-09-23,2022-10-15,22.0,5,Jules Koundé,411975,3.1
20/21,Corona virus,2020-10-15,2020-10-27,12.0,3,Jules Koundé,411975,1.7
24/25,Knee problems,2025-05-16,2025-05-20,4.0,1,Ronald Araújo,480267,0.6
24/25,ankle sprain,2025-02-10,2025-02-17,7.0,1,Ronald Araújo,480267,1.0
24/25,Hamstring injury,2024-07-15,2024-12-08,146.0,29,Ronald Araújo,480267,20.9
23/24,Knee problems,2024-05-15,2024-05-18,3.0,1,Ronald Araújo,480267,0.4
23/24,Muscle injury,2023-08-17,2023-09-22,36.0,7,Ronald Araújo,480267,5.1
22/23,Calf injury,2023-05-15,2023-06-15,31.0,5,Ronald Araújo,480267,4.4
22/23,Adductor injury,2023-03-20,2023-03-30,10.0,2,Ronald Araújo,480267,1.4
22/23,Adductor tear,2022-09-26,2022-12-04,69.0,16,Ronald Araújo,480267,9.9
21/22,concussion,2022-05-09,2022-05-19,10.0,2,Ronald Araújo,480267,1.4
21/22,Calf injury,2022-02-14,2022-02-21,7.0,2,Ronald Araújo,480267,1.0
21/22,Hand injury,2022-01-06,2022-01-13,7.0,2,Ronald Araújo,480267,1.0
21/22,Hamstring injury,2021-10-11,2021-11-01,21.0,6,Ronald Araújo,480267,3.0
21/22,Muscle injury,2021-06-17,2021-07-05,18.0,5,Ronald Araújo,480267,2.6
20/21,Ankle injury,2021-02-25,2021-03-15,18.0,5,Ronald Araújo,480267,2.6
20/21,ankle sprain,2021-02-08,2021-03-01,21.0,6,Ronald Araújo,480267,3.0
24/25,Ankle sprain,2025-03-20,2025-03-26,6.0,1,Pau Cubarsí,962110,0.9
24/25,Muscle injury,2025-01-27,2025-04-05,68.0,15,Andreas Christensen,196948,9.7
24/25,Achilles tendon irritation,2024-08-22,2025-01-17,148.0,28,Andreas Christensen,196948,21.1
23/24,Achilles tendon irritation,2024-03-17,2024-04-08,22.0,2,Andreas Christensen,196948,3.1
23/24,Abdominal problems,2024-01-19,2024-01-23,4.0,1,Andreas Christensen,196948,0.6
22/23,Muscle injury,2023-03-24,2023-04-28,35.0,6,Andreas Christensen,196948,5.0
22/23,ankle sprain,2022-10-05,2022-11-04,30.0,8,Andreas Christensen,196948,4.3
22/23,cold,2022-08-27,2022-08-31,4.0,1,Andreas Christensen,196948,0.6
21/22,Achilles heel problems,2022-02-26,2022-03-03,5.0,2,Andreas Christensen,196948,0.7
21/22,Corona virus,2022-01-14,2022-02-01,18.0,3,Andreas Christensen,196948,2.6
21/22,Back injury,2021-12-29,2022-01-07,9.0,3,Andreas Christensen,196948,1.3
20/21,Ligament injury,2021-05-08,2021-05-22,14.0,4,Andreas Christensen,196948,2.0
20/21,Knock,2021-02-12,2021-02-14,2.0,-,Andreas Christensen,196948,0.3
20/21,Knee injury,2021-01-01,2021-01-16,15.0,3,Andreas Christensen,196948,2.1
20/21,unknown injury,2020-11-25,2020-12-18,23.0,6,Andreas Christensen,196948,3.3
19/20,Groin injury,2020-06-26,2020-06-30,4.0,1,Andreas Christensen,196948,0.6
25/26,Hamstring injury,2025-09-03,2025-10-01,28.0,6,Alejandro Balde,636688,4.0
24/25,Hamstring injury,2025-04-12,2025-05-10,28.0,8,Alejandro Balde,636688,4.0
23/24,Tendon rupture,2024-01-25,2024-07-24,181.0,22,Alejandro Balde,636688,25.9
23/24,cold,2024-01-05,2024-01-10,5.0,1,Alejandro Balde,636688,0.7
23/24,Adductor pain,2023-10-13,2023-10-20,7.0,-,Alejandro Balde,636688,1.0
22/23,Ankle ligament tear,2023-05-29,2023-07-29,61.0,3,Alejandro Balde,636688,8.7
21/22,Ankle injury,2022-01-30,2022-03-26,55.0,9,Alejandro Balde,636688,7.9
21/22,Corona virus,2021-12-28,2022-01-07,10.0,-,Alejandro Balde,636688,1.4
21/22,Lumbago,2021-09-20,2021-10-14,24.0,7,Alejandro Balde,636688,3.4
20/21,Shoulder injury,2021-03-08,2021-04-02,25.0,9,Alejandro Balde,636688,3.6
20/21,ankle sprain,2020-10-11,2020-11-19,39.0,7,Alejandro Balde,636688,5.6
24/25,Stomach flu,2025-01-25,2025-01-27,2.0,1,Pedri,683840,0.3
24/25,Inner ligament stretch of the knee,2024-07-06,2024-08-16,41.0,2,Pedri,683840,5.9
23/24,Hamstring injury,2024-03-04,2024-04-07,34.0,6,Pedri,683840,4.9
23/24,muscular problems,2023-12-18,2024-01-10,23.0,3,Pedri,683840,3.3
23/24,Hamstring injury,2023-08-24,2023-11-03,71.0,16,Pedri,683840,10.1
22/23,Hamstring injury,2023-05-15,2023-06-30,46.0,6,Pedri,683840,6.6
22/23,Muscle injury,2023-02-17,2023-04-22,64.0,13,Pedri,683840,9.1
21/22,Hamstring injury,2022-04-14,2022-06-30,77.0,13,Pedri,683840,11.0
21/22,Corona virus,2022-01-03,2022-01-10,7.0,2,Pedri,683840,1.0
21/22,Hamstring injury,2021-09-30,2022-01-10,102.0,23,Pedri,683840,14.6
21/22,Hamstring injury,2021-09-16,2021-09-27,11.0,3,Pedri,683840,1.6
25/26,Muscle injury,2025-09-05,,,1,Frenkie de Jong,326330,
24/25,Stomach flu,2025-03-16,2025-03-18,2.0,1,Frenkie de Jong,326330,0.3
24/25,Rest,2024-11-18,2024-11-20,2.0,1,Frenkie de Jong,326330,0.3
23/24,Ankle injury,2024-04-22,2024-10-01,162.0,26,Frenkie de Jong,326330,23.1
23/24,Ankle injury,2024-03-04,2024-04-08,35.0,6,Frenkie de Jong,326330,5.0
23/24,Fever,2023-12-11,2023-12-15,4.0,1,Frenkie de Jong,326330,0.6
23/24,ankle sprain,2023-09-24,2023-11-24,61.0,14,Frenkie de Jong,326330,8.7
22/23,Knee injury,2023-03-20,2023-04-21,32.0,6,Frenkie de Jong,326330,4.6
22/23,Muscle injury,2022-09-22,2022-10-08,16.0,3,Frenkie de Jong,326330,2.3
21/22,Muscle strain,2022-01-06,2022-01-10,4.0,1,Frenkie de Jong,326330,0.6
21/22,Muscle injury,2021-10-25,2021-11-01,7.0,2,Frenkie de Jong,326330,1.0
21/22,Calf injury,2021-08-05,2021-08-16,11.0,1,Frenkie de Jong,326330,1.6
20/21,Muscle injury,2020-06-18,2020-07-13,25.0,7,Frenkie de Jong,326330,3.6
18/19,Calf injury,2018-09-27,2018-10-08,11.0,3,Frenkie de Jong,326330,1.6
17/18,Tendonitis,2018-04-16,2018-07-02,77.0,5,Frenkie de Jong,326330,11.0
25/26,Knee injury,2025-08-29,,,1,Gavi,646740,
24/25,concussion,2025-02-03,2025-02-08,5.0,1,Gavi,646740,0.7
24/25,Fitness,2024-10-01,2024-10-19,18.0,2,Gavi,646740,2.6
23/24,Cruciate ligament tear,2023-11-20,2024-09-30,315.0,45,Gavi,646740,45.0
21/22,Corona virus,2021-12-29,2022-01-07,9.0,2,Gavi,646740,1.3
21/22,Broken jaw,2021-08-05,2021-08-14,9.0,-,Gavi,646740,1.3
20/21,Knee injury,2021-03-15,2021-04-10,26.0,3,Gavi,646740,3.7
24/25,Ankle injury,2024-12-16,2025-01-05,20.0,2,Lamine Yamal,937958,2.9
24/25,Ankle injury,2024-11-07,2024-11-29,22.0,5,Lamine Yamal,937958,3.1
24/25,strain,2024-10-13,2024-10-18,5.0,1,Lamine Yamal,937958,0.7
23/24,Knock,2024-03-08,2024-03-10,2.0,1,Lamine Yamal,937958,0.3
23/24,muscular problems,2023-10-09,2023-10-19,10.0,2,Lamine Yamal,937958,1.4
22/23,unknown injury,2022-07-25,2022-08-25,31.0,-,Lamine Yamal,937958,4.4
23/24,Knock,2024-03-08,2024-03-10,2.0,1,Raphinha,411295,0.3
23/24,Muscle injury,2024-01-12,2024-02-10,29.0,7,Raphinha,411295,4.1
23/24,Muscle injury,2023-09-30,2023-10-27,27.0,6,Raphinha,411295,3.9
21/22,Corona virus,2022-03-17,2022-03-31,14.0,3,Raphinha,411295,2.0
20/21,Ankle injury,2020-10-26,2020-11-06,11.0,1,Raphinha,411295,1.6
19/20,Back injury,2020-02-05,2020-02-07,2.0,-,Raphinha,411295,0.3
19/20,Ill,2019-10-14,2019-10-21,7.0,1,Raphinha,411295,1.0
18/19,unknown injury,2019-04-04,2019-04-10,6.0,1,Raphinha,411295,0.9
18/19,unknown injury,2018-10-16,2018-12-18,63.0,15,Raphinha,411295,9.0
17/18,unknown injury,2018-02-13,2018-03-01,16.0,2,Raphinha,411295,2.3
24/25,Adductor injury,2025-03-27,2025-04-15,19.0,7,Dani Olmo,293385,2.7
24/25,strain,2025-01-19,2025-02-06,18.0,5,Dani Olmo,293385,2.6
24/25,Muscle injury,2024-09-16,2024-10-17,31.0,8,Dani Olmo,293385,4.4
23/24,muscular problems,2024-05-11,2024-06-01,21.0,2,Dani Olmo,293385,3.0
23/24,Acromioclavicular joint dislocation,2023-10-29,2023-12-21,53.0,13,Dani Olmo,293385,7.6
23/24,Knee injury,2023-09-09,2023-10-16,37.0,10,Dani Olmo,293385,5.3
22/23,Torn muscle fiber,2023-01-28,2023-03-04,35.0,7,Dani Olmo,293385,5.0
22/23,Inner knee ligament tear,2022-09-01,2022-10-20,49.0,13,Dani Olmo,293385,7.0
21/22,cold,2022-03-10,2022-03-17,7.0,1,Dani Olmo,293385,1.0
21/22,Corona virus,2022-01-03,2022-01-13,10.0,1,Dani Olmo,293385,1.4
21/22,Torn muscle fiber,2021-11-18,2021-12-27,39.0,8,Dani Olmo,293385,5.6
21/22,Torn muscle fiber,2021-09-16,2021-10-25,39.0,9,Dani Olmo,293385,5.6
25/26,Muscle injury,2025-08-08,2025-08-21,13.0,1,Robert Lewandowski,38253,1.9
24/25,Muscle injury,2025-04-19,2025-05-05,16.0,5,Robert Lewandowski,38253,2.3
24/25,Lumbar vertebra problems,2024-11-10,2024-11-20,10.0,3,Robert Lewandowski,38253,1.4
24/25,Torn muscle fiber,2024-06-11,2024-06-21,10.0,2,Robert Lewandowski,38253,1.4
23/24,Ankle injury,2023-10-05,2023-10-27,22.0,5,Robert Lewandowski,38253,3.1
22/23,Hamstring injury,2023-02-27,2023-03-11,12.0,2,Robert Lewandowski,38253,1.7
21/22,Rest,2021-08-24,2021-08-25,1.0,1,Robert Lewandowski,38253,0.1
20/21,Ligament stretching,2021-03-29,2021-04-21,23.0,7,Robert Lewandowski,38253,3.3
20/21,Rest,2020-10-30,2020-11-01,2.0,1,Robert Lewandowski,38253,0.3
19/20,Shin injury,2020-02-26,2020-03-25,28.0,3,Robert Lewandowski,38253,4.0
19/20,Groin surgery,2019-12-21,2020-01-16,26.0,1,Robert Lewandowski,38253,3.7
17/18,Rest,2018-03-12,2018-03-12,0.0,-,Robert Lewandowski,38253,0.0
17/18,Patellar tendon problems,2018-01-01,2018-01-15,14.0,1,Robert Lewandowski,38253,2.0
17/18,Hamstring injury,2017-11-09,2017-11-16,7.0,2,Robert Lewandowski,38253,1.0
17/18,muscular problems,2017-10-30,2017-11-02,3.0,1,Robert Lewandowski,38253,0.4
24/25,Hamstring injury,2025-04-23,2025-05-23,30.0,4,Marcus Rashford,258923,4.3
24/25,Ill,2025-01-04,2025-01-15,11.0,2,Marcus Rashford,258923,1.6
23/24,Ill,2023-12-11,2023-12-13,2.0,1,Marcus Rashford,258923,0.3
22/23,Leg injury,2023-05-11,2023-05-24,13.0,2,Marcus Rashford,258923,1.9
22/23,Muscle injury,2023-04-08,2023-04-19,11.0,3,Marcus Rashford,258923,1.6
22/23,unknown injury,2023-03-19,2023-03-31,12.0,1,Marcus Rashford,258923,1.7
22/23,Muscle injury,2022-09-04,2022-09-19,15.0,3,Marcus Rashford,258923,2.1
21/22,bronchitis,2022-05-04,2022-05-19,15.0,1,Marcus Rashford,258923,2.1
21/22,Dead leg,2022-01-13,2022-01-17,4.0,1,Marcus Rashford,258923,0.6
21/22,Shoulder injury,2021-07-14,2021-10-15,93.0,10,Marcus Rashford,258923,13.3
20/21,Shoulder injury,2020-11-08,2020-11-20,12.0,-,Marcus Rashford,258923,1.7
19/20,Back injury,2020-01-16,2020-06-05,141.0,13,Marcus Rashford,258923,20.1
19/20,Hip injury,2019-09-22,2019-09-30,8.0,3,Marcus Rashford,258923,1.1
18/19,Ankle injury,2019-03-18,2019-03-26,8.0,-,Marcus Rashford,258923,1.1
24/25,Appendicitis,2025-05-14,2025-05-31,17.0,3,Ferran Torres,398184,2.4
24/25,Hamstring injury,2024-10-07,2024-11-29,53.0,12,Ferran Torres,398184,7.6
23/24,Hamstring injury,2024-02-01,2024-03-29,57.0,11,Ferran Torres,398184,8.1
21/22,Corona virus,2022-01-03,2022-01-10,7.0,2,Ferran Torres,398184,1.0
21/22,Metatarsal fracture,2021-10-14,2022-01-10,88.0,22,Ferran Torres,398184,12.6
20/21,Virus,2021-01-01,2021-01-12,11.0,3,Ferran Torres,398184,1.6
18/19,cold,2018-09-30,2018-10-05,5.0,1,Ferran Torres,398184,0.7
22/23,Back injury,2023-04-25,2023-07-26,92.0,10,Jan Oblak,121483,13.1
21/22,Corona virus,2022-01-25,2022-02-01,7.0,-,Jan Oblak,121483,1.0
17/18,Rest,2018-03-15,2018-03-15,0.0,1,Jan Oblak,121483,0.0
17/18,Knock,2018-03-13,2018-03-17,4.0,1,Jan Oblak,121483,0.6
17/18,Wrist injury,2018-03-05,2018-03-08,3.0,1,Jan Oblak,121483,0.4
17/18,influenza,2018-02-12,2018-02-15,3.0,1,Jan Oblak,121483,0.4
16/17,Shoulder injury,2016-12-15,2017-02-20,67.0,15,Jan Oblak,121483,9.6
16/17,Rest,2016-11-28,2016-12-01,3.0,1,Jan Oblak,121483,0.4
24/25,Hamstring injury,2025-06-21,,,4,José María Giménez,250845,
24/25,Muscle injury,2024-12-21,2025-01-20,30.0,5,José María Giménez,250845,4.3
23/24,Muscle injury,2024-02-21,2024-03-29,37.0,7,José María Giménez,250845,5.3
23/24,Hamstring injury,2024-01-28,2024-02-17,20.0,6,José María Giménez,250845,2.9
23/24,Muscle injury,2023-10-03,2023-10-26,23.0,6,José María Giménez,250845,3.3
22/23,Knee injury,2023-05-31,2023-09-14,106.0,8,José María Giménez,250845,15.1
22/23,unknown injury,2023-01-13,2023-01-28,15.0,4,José María Giménez,250845,2.1
22/23,Back problems,2022-09-09,2022-09-28,19.0,5,José María Giménez,250845,2.7
22/23,Tonsillitis,2022-08-07,2022-08-19,12.0,1,José María Giménez,250845,1.7
21/22,Knock,2022-06-10,2022-07-01,21.0,1,José María Giménez,250845,3.0
21/22,Muscle injury,2022-04-03,2022-04-29,26.0,5,José María Giménez,250845,3.7
21/22,Corona virus,2022-02-10,2022-02-15,5.0,1,José María Giménez,250845,0.7
21/22,Muscle injury,2021-12-06,2021-12-31,25.0,4,José María Giménez,250845,3.6
21/22,Adductor pain,2021-10-09,2021-10-18,9.0,2,José María Giménez,250845,1.3
20/21,muscular problems,2021-02-21,2021-03-11,18.0,4,José María Giménez,250845,2.6
24/25,Muscle injury,2024-11-18,2024-12-06,18.0,4,Nahuel Molina,424042,2.6
23/24,Muscle injury,2024-05-05,2024-06-11,37.0,5,Nahuel Molina,424042,5.3
23/24,Muscle injury,2023-07-24,2023-08-18,25.0,1,Nahuel Molina,424042,3.6
21/22,unknown injury,2022-01-14,2022-01-22,8.0,3,Nahuel Molina,424042,1.1
20/21,unknown injury,2020-10-18,2020-10-21,3.0,1,Nahuel Molina,424042,0.4
18/19,Hip injury,2018-12-27,2019-01-29,33.0,?,Nahuel Molina,424042,4.7
18/19,Fitness,2018-09-24,2018-10-18,24.0,6,Nahuel Molina,424042,3.4
24/25,Muscle injury,2025-02-16,2025-04-01,44.0,8,Koke,74229,6.3
23/24,Muscle injury,2023-08-15,2023-09-22,38.0,4,Koke,74229,5.4
22/23,Muscle injury,2022-10-18,2022-11-08,21.0,6,Koke,74229,3.0
21/22,Muscle injury,2022-02-22,2022-03-10,16.0,3,Koke,74229,2.3
21/22,Corona virus,2021-12-30,2022-01-05,6.0,1,Koke,74229,0.9
21/22,Muscle injury,2021-09-17,2021-09-23,6.0,2,Koke,74229,0.9
19/20,Muscle injury,2020-01-10,2020-02-07,28.0,5,Koke,74229,4.0
19/20,Muscle injury,2019-12-18,2020-01-06,19.0,2,Koke,74229,2.7
18/19,Muscle injury,2019-01-20,2019-02-18,29.0,4,Koke,74229,4.1
18/19,Muscle injury,2018-10-28,2018-11-22,25.0,6,Koke,74229,3.6
17/18,Adductor pain,2017-12-30,2018-01-05,6.0,1,Koke,74229,0.9
17/18,Hamstring injury,2017-10-15,2017-11-17,33.0,8,Koke,74229,4.7
15/16,Knock,2016-05-30,2016-06-03,4.0,1,Koke,74229,0.6
15/16,Hamstring strain,2015-09-21,2015-10-15,24.0,6,Koke,74229,3.4
14/15,Muscle tear,2015-02-09,2015-03-05,24.0,4,Koke,74229,3.4
24/25,Hamstring injury,2024-10-03,2024-11-03,31.0,6,Marcos Llorente,282411,4.4
22/23,Muscle injury,2023-04-03,2023-07-30,118.0,13,Marcos Llorente,282411,16.9
21/22,Muscle injury,2022-01-15,2022-02-11,27.0,3,Marcos Llorente,282411,3.9
21/22,Strain in the thigh and gluteal muscles,2021-12-20,2022-01-03,14.0,2,Marcos Llorente,282411,2.0
21/22,Muscle injury,2021-10-24,2021-11-08,15.0,5,Marcos Llorente,282411,2.1
21/22,Muscle injury,2021-10-22,2022-02-13,114.0,23,Marcos Llorente,282411,16.3
21/22,Hamstring injury,2021-10-03,2021-10-18,15.0,2,Marcos Llorente,282411,2.1
18/19,Adductor injury,2019-02-07,2019-03-18,39.0,9,Marcos Llorente,282411,5.6
18/19,Adductor injury,2019-01-01,2019-01-21,20.0,6,Marcos Llorente,282411,2.9
17/18,Shoulder injury,2018-01-12,2018-01-15,3.0,1,Marcos Llorente,282411,0.4
23/24,Ankle injury,2024-02-21,2024-03-12,20.0,4,Antoine Griezmann,125781,2.9
21/22,Muscle injury,2022-01-06,2022-02-21,46.0,9,Antoine Griezmann,125781,6.6
21/22,Corona virus,2021-12-30,2022-01-06,7.0,2,Antoine Griezmann,125781,1.0
21/22,Muscle injury,2021-12-13,2022-01-06,24.0,4,Antoine Griezmann,125781,3.4
19/20,Muscle injury,2020-07-13,2020-08-03,21.0,2,Antoine Griezmann,125781,3.0
17/18,minor knock,2017-12-07,2017-12-14,7.0,1,Antoine Griezmann,125781,1.0
16/17,minor knock,2016-11-14,2016-11-17,3.0,1,Antoine Griezmann,125781,0.4
12/13,ankle sprain,2012-11-04,2012-11-11,7.0,2,Antoine Griezmann,125781,1.0
22/23,Ill,2022-03-04,2022-03-06,2.0,1,Julián Álvarez,576024,0.3
24/25,Hamstring injury,2024-12-13,2024-12-18,5.0,2,Berke Özer,361256,0.7
23/24,Ill,2024-03-04,2024-04-01,28.0,4,Berke Özer,361256,4.0
22/23,unknown injury,2023-04-27,2023-04-29,2.0,1,Berke Özer,361256,0.3
22/23,Fitness,2023-01-12,2023-01-19,7.0,2,Berke Özer,361256,1.0
21/22,Knock,2022-01-15,2022-01-21,6.0,2,Berke Özer,361256,0.9
21/22,Hip problems,2021-11-07,2021-11-19,12.0,3,Berke Özer,361256,1.7
21/22,unknown injury,2021-10-03,2021-10-12,9.0,3,Berke Özer,361256,1.3
21/22,Thigh problems,2021-09-02,2021-09-07,5.0,2,Berke Özer,361256,0.7
19/20,Meniscus tear,2019-11-17,2019-12-23,36.0,8,Berke Özer,361256,5.1
17/18,unknown injury,2018-03-22,2018-03-28,6.0,6,Berke Özer,361256,0.9
17/18,unknown injury,2017-10-24,2017-11-13,20.0,9,Berke Özer,361256,2.9
23/24,Leg injury,2023-11-19,2023-12-15,26.0,7,Aïssa Mandi,80293,3.7
20/21,Corona virus,2020-11-22,2020-12-07,15.0,3,Aïssa Mandi,80293,2.1
16/17,Broken hand,2017-03-28,2017-04-07,10.0,2,Aïssa Mandi,80293,1.4
16/17,Adductor injury,2016-09-20,2016-10-13,23.0,4,Aïssa Mandi,80293,3.3
16/17,bruise,2016-09-02,2016-09-06,4.0,1,Aïssa Mandi,80293,0.6
15/16,Cruciate ligament strain,2015-09-23,2015-11-05,43.0,8,Aïssa Mandi,80293,6.1
23/24,heart problems,2024-06-18,2025-02-12,239.0,36,Nabil Bentaleb,245537,34.1
23/24,Calf injury,2023-09-04,2023-10-09,35.0,8,Nabil Bentaleb,245537,5.0
20/21,Groin surgery,2021-03-16,2021-06-30,106.0,14,Nabil Bentaleb,245537,15.1
20/21,Groin problems,2021-03-05,2021-03-15,10.0,2,Nabil Bentaleb,245537,1.4
19/20,Meniscus tear,2019-09-02,2019-11-20,79.0,16,Nabil Bentaleb,245537,11.3
18/19,Groin problems,2019-03-14,2019-03-18,4.0,1,Nabil Bentaleb,245537,0.6
18/19,Back injury,2019-02-21,2019-02-22,1.0,-,Nabil Bentaleb,245537,0.1
18/19,Hamstring injury,2019-01-16,2019-01-24,8.0,1,Nabil Bentaleb,245537,1.1
17/18,Inflammation of pubic bone,2017-11-06,2017-12-31,55.0,9,Nabil Bentaleb,245537,7.9
17/18,Groin problems,2017-10-02,2017-10-12,10.0,1,Nabil Bentaleb,245537,1.4
17/18,muscle stiffness,2017-09-21,2017-09-28,7.0,1,Nabil Bentaleb,245537,1.0
16/17,Ankle injury,2017-06-08,2017-06-08,0.0,-,Nabil Bentaleb,245537,0.0
16/17,Stomach flu,2017-02-13,2017-02-16,3.0,1,Nabil Bentaleb,245537,0.4
16/17,influenza,2016-12-08,2016-12-08,0.0,1,Nabil Bentaleb,245537,0.0
15/16,Knee surgery,2016-03-17,2016-05-16,60.0,11,Nabil Bentaleb,245537,8.6
18/19,Muscle contusion,2019-02-07,2019-02-13,6.0,1,Benjamin André,84301,0.9
24/25,Leg injury,2025-03-13,2025-03-31,18.0,3,Olivier Giroud,82442,2.6
22/23,Calf problems,2023-04-20,2023-04-27,7.0,1,Olivier Giroud,82442,1.0
21/22,Ankle sprain,2022-03-06,2022-03-10,4.0,1,Olivier Giroud,82442,0.6
21/22,Torn muscle fiber,2021-11-24,2021-12-17,23.0,6,Olivier Giroud,82442,3.3
21/22,Back injury,2021-10-02,2021-10-06,4.0,1,Olivier Giroud,82442,0.6
21/22,Lumbago,2021-09-16,2021-09-23,7.0,2,Olivier Giroud,82442,1.0
21/22,Quarantine,2021-09-11,2021-09-13,2.0,1,Olivier Giroud,82442,0.3
21/22,Corona virus,2021-09-02,2021-09-10,8.0,2,Olivier Giroud,82442,1.1
19/20,Groin injury,2020-01-06,2020-02-16,41.0,5,Olivier Giroud,82442,5.9
19/20,Ankle injury,2019-12-06,2020-01-04,29.0,7,Olivier Giroud,82442,4.1
19/20,Ill,2019-09-27,2019-10-05,8.0,2,Olivier Giroud,82442,1.1
18/19,Ankle injury,2018-12-31,2019-01-11,11.0,3,Olivier Giroud,82442,1.6
18/19,Knock,2018-10-29,2018-11-07,9.0,2,Olivier Giroud,82442,1.3
17/18,Hamstring injury,2017-12-19,2018-01-29,41.0,10,Olivier Giroud,82442,5.9
17/18,Adductor pain,2017-11-12,2017-11-20,8.0,2,Olivier Giroud,82442,1.1
22/23,Meniscus injury,2022-11-14,2022-12-20,36.0,6,Álvaro Valles,417913,5.1
21/22,Corona virus,2021-12-27,2022-01-06,10.0,1,Álvaro Valles,417913,1.4
21/22,Virus,2021-12-11,2021-12-14,3.0,1,Álvaro Valles,417913,0.4
24/25,Inflammation of pubic bone,2024-11-04,2025-03-01,117.0,23,Héctor Bellerín,191217,16.7
22/23,unknown injury,2023-03-08,2023-04-07,30.0,5,Héctor Bellerín,191217,4.3
22/23,Muscle injury,2022-09-27,2022-10-19,22.0,5,Héctor Bellerín,191217,3.1
19/20,Hamstring injury,2019-12-06,2020-01-14,39.0,9,Héctor Bellerín,191217,5.6
19/20,Hamstring injury,2019-11-24,2019-12-04,10.0,2,Héctor Bellerín,191217,1.4
18/19,Cruciate ligament tear,2019-01-19,2019-09-16,240.0,31,Héctor Bellerín,191217,34.3
18/19,Calf strain,2018-12-16,2019-01-11,26.0,7,Héctor Bellerín,191217,3.7
18/19,Muscle injury,2018-10-29,2018-11-02,4.0,1,Héctor Bellerín,191217,0.6
16/17,Ankle injury,2017-01-06,2017-01-16,10.0,2,Héctor Bellerín,191217,1.4
16/17,Ankle injury,2016-11-07,2016-12-10,33.0,9,Héctor Bellerín,191217,4.7
15/16,Groin problems,2015-11-02,2015-11-18,16.0,5,Héctor Bellerín,191217,2.3
24/25,Muscle strain,2025-01-20,2025-02-25,36.0,7,Pablo Fornals,357885,5.1
24/25,Muscle injury,2024-11-20,2024-12-18,28.0,7,Pablo Fornals,357885,4.0
17/18,Hand injury,2018-04-10,2018-04-24,14.0,2,Pablo Fornals,357885,2.0
17/18,Ill,2017-12-09,2017-12-13,4.0,1,Pablo Fornals,357885,0.6
24/25,unknown injury,2025-04-11,2025-05-06,25.0,4,Sofyan Amrabat,287579,3.6
24/25,Stomach flu,2024-11-27,2024-11-30,3.0,1,Sofyan Amrabat,287579,0.4
23/24,unknown injury,2023-08-21,2023-09-20,30.0,7,Sofyan Amrabat,287579,4.3
22/23,Rest,2023-05-20,2023-05-22,2.0,1,Sofyan Amrabat,287579,0.3
22/23,Rest,2023-05-02,2023-05-05,3.0,3,Sofyan Amrabat,287579,0.4
22/23,Lumbago,2023-04-16,2023-04-21,5.0,2,Sofyan Amrabat,287579,0.7
22/23,Back problems,2022-11-01,2022-11-05,4.0,1,Sofyan Amrabat,287579,0.6
21/22,influenza,2022-03-17,2022-03-21,4.0,3,Sofyan Amrabat,287579,0.6
21/22,Pubalgia,2021-07-14,2021-08-23,40.0,2,Sofyan Amrabat,287579,5.7
20/21,Bruised back,2021-03-07,2021-03-21,14.0,3,Sofyan Amrabat,287579,2.0
19/20,Muscle fatigue,2020-07-04,2020-07-07,3.0,1,Sofyan Amrabat,287579,0.4
18/19,Muscle strain,2019-04-26,2019-04-30,4.0,1,Sofyan Amrabat,287579,0.6
18/19,muscular problems,2018-12-25,2018-12-29,4.0,1,Sofyan Amrabat,287579,0.6
18/19,Knock,2018-12-13,2018-12-16,3.0,1,Sofyan Amrabat,287579,0.4
18/19,Ankle injury,2018-09-27,2018-10-08,11.0,3,Sofyan Amrabat,287579,1.6
25/26,Broken fibula,2025-08-10,2025-11-10,92.0,16,Isco,85288,13.1
24/25,Broken fibula,2024-09-06,2024-12-06,91.0,18,Isco,85288,13.0
23/24,Broken fibula,2024-05-17,2024-09-05,111.0,7,Isco,85288,15.9
23/24,Torn muscle bundle,2024-02-04,2024-03-24,49.0,9,Isco,85288,7.0
21/22,influenza,2022-05-02,2022-05-19,17.0,4,Isco,85288,2.4
21/22,Ill,2022-04-11,2022-04-14,3.0,1,Isco,85288,0.4
21/22,Back problems,2022-03-31,2022-04-07,7.0,2,Isco,85288,1.0
21/22,Corona virus,2021-12-16,2021-12-30,14.0,2,Isco,85288,2.0
21/22,Back problems,2021-10-04,2021-10-28,24.0,3,Isco,85288,3.4
20/21,minor knock,2021-02-04,2021-02-08,4.0,1,Isco,85288,0.6
20/21,ankle sprain,2020-09-07,2020-09-24,17.0,1,Isco,85288,2.4
19/20,Muscle injury,2020-06-18,2020-06-22,4.0,2,Isco,85288,0.6
19/20,Lumbago,2020-03-09,2020-03-12,3.0,-,Isco,85288,0.4
19/20,Hamstring muscle injury,2019-08-29,2019-09-30,32.0,6,Isco,85288,4.6
18/19,Back problems,2019-02-07,2019-02-25,18.0,4,Isco,85288,2.6
22/23,Thigh problems,2022-09-09,2022-09-27,18.0,3,Jordan Pickford,130164,2.6
21/22,Shoulder injury,2021-09-13,2021-09-27,14.0,4,Jordan Pickford,130164,2.0
20/21,Chest injury,2021-01-28,2021-02-18,21.0,6,Jordan Pickford,130164,3.0
16/17,Knee injury,2016-12-26,2017-02-27,63.0,17,Jordan Pickford,130164,9.0
25/26,Muscle injury,2025-08-01,,,4,Nathan Patterson,424015,
24/25,Hamstring injury,2025-02-03,2025-02-28,25.0,5,Nathan Patterson,424015,3.6
23/24,Thigh problems,2024-04-15,2024-09-21,159.0,21,Nathan Patterson,424015,22.7
22/23,Knee injury,2023-01-03,2023-01-03,0.0,1,Nathan Patterson,424015,0.0
22/23,Ankle injury,2022-09-21,2022-10-26,35.0,7,Nathan Patterson,424015,5.0
21/22,Ankle surgery,2022-04-05,2022-06-06,62.0,11,Nathan Patterson,424015,8.9
21/22,Quarantine,2021-08-27,2021-09-08,12.0,4,Nathan Patterson,424015,1.7
20/21,Quarantine,2021-06-01,2021-06-04,3.0,1,Nathan Patterson,424015,0.4
20/21,Quarantine,2021-02-14,2021-02-23,9.0,2,Nathan Patterson,424015,1.3
24/25,Hamstring injury,2025-04-21,2025-07-14,84.0,5,James Tarkowski,173504,12.0
20/21,Toe injury,2020-09-16,2020-09-29,13.0,4,James Tarkowski,173504,1.9
18/19,Groin injury,2018-11-04,2018-11-30,26.0,4,James Tarkowski,173504,3.7
18/19,Groin strain,2018-10-07,2018-10-19,12.0,2,James Tarkowski,173504,1.7
18/19,Groin strain,2018-10-01,2018-10-05,4.0,-,James Tarkowski,173504,0.6
17/18,Knock,2018-05-26,2018-08-11,77.0,12,James Tarkowski,173504,11.0
17/18,Groin strain,2018-01-22,2018-02-10,19.0,3,James Tarkowski,173504,2.7
15/16,Nose injury,2015-08-15,2015-08-22,7.0,2,James Tarkowski,173504,1.0
14/15,Back injury,2015-02-10,2015-02-21,11.0,3,James Tarkowski,173504,1.6
25/26,Hamstring injury,2025-08-10,,,4,Jarrad Branthwaite,661053,
24/25,Groin injury,2024-10-03,2024-10-20,17.0,4,Jarrad Branthwaite,661053,2.4
24/25,Groin surgery,2024-08-01,2024-09-30,60.0,10,Jarrad Branthwaite,661053,8.6
24/25,Groin injury,2024-07-18,2024-09-14,58.0,7,Jarrad Branthwaite,661053,8.3
22/23,Hamstring strain,2023-03-20,2023-04-06,17.0,4,Jarrad Branthwaite,661053,2.4
22/23,Ill,2022-11-01,2022-11-04,3.0,1,Jarrad Branthwaite,661053,0.4
22/23,unknown injury,2022-10-07,2022-10-14,7.0,2,Jarrad Branthwaite,661053,1.0
22/23,Fitness,2022-07-17,2022-08-04,18.0,2,Jarrad Branthwaite,661053,2.6
21/22,Ankle surgery,2021-07-01,2021-08-02,32.0,3,Jarrad Branthwaite,661053,4.6
20/21,Ankle injury,2020-09-16,2020-11-01,46.0,13,Jarrad Branthwaite,661053,6.6
24/25,Knee injury,2024-12-13,2025-04-02,110.0,18,Dwight McNeil,584769,15.7
23/24,Ankle injury,2023-07-29,2023-09-01,34.0,4,Dwight McNeil,584769,4.9
20/21,Groin injury,2020-12-22,2021-01-11,20.0,3,Dwight McNeil,584769,2.9
19/20,Knock,2020-01-02,2020-01-10,8.0,1,Dwight McNeil,584769,1.1
19/20,Hamstring strain,2019-09-26,2019-09-27,1.0,-,Dwight McNeil,584769,0.1
19/20,Hamstring injury,2019-09-01,2019-09-13,12.0,2,Dwight McNeil,584769,1.7
21/22,Corona virus,2022-01-12,2022-01-15,3.0,2,Idrissa Gueye,126665,0.4
21/22,Corona virus,2021-08-01,2021-08-16,15.0,3,Idrissa Gueye,126665,2.1
20/21,Hamstring injury,2020-10-20,2020-10-25,5.0,2,Idrissa Gueye,126665,0.7
20/21,Ankle injury,2020-09-20,2020-10-02,12.0,3,Idrissa Gueye,126665,1.7
19/20,Hamstring injury,2019-12-09,2020-01-01,23.0,4,Idrissa Gueye,126665,3.3
19/20,Groin injury,2019-10-11,2019-10-28,17.0,3,Idrissa Gueye,126665,2.4
19/20,Rest,2019-09-24,2019-09-26,2.0,1,Idrissa Gueye,126665,0.3
18/19,Groin strain,2019-01-27,2019-02-05,9.0,2,Idrissa Gueye,126665,1.3
18/19,Groin strain,2018-12-12,2018-12-25,13.0,2,Idrissa Gueye,126665,1.9
18/19,Ankle injury,2018-10-15,2018-10-20,5.0,1,Idrissa Gueye,126665,0.7
18/19,Knee injury,2018-08-25,2018-09-16,22.0,5,Idrissa Gueye,126665,3.1
11/12,Hand injury,2011-11-23,2011-12-08,15.0,3,Idrissa Gueye,126665,2.1
24/25,Back injury,2024-10-18,2025-01-24,98.0,15,James Garner,505219,14.0
22/23,Back injury,2022-11-12,2023-02-09,89.0,8,James Garner,505219,12.7
19/20,unknown injury,2019-08-30,2019-09-10,11.0,7,James Garner,505219,1.6
23/24,Hamstring muscle injury,2024-03-06,2024-04-01,26.0,3,Carlos Alcaraz,748319,3.7
21/22,Torn muscle bundle,2022-06-09,2022-07-06,27.0,6,Carlos Alcaraz,748319,3.9
24/25,Muscle injury,2024-09-23,2024-09-27,4.0,1,David Raya,262749,0.6
21/22,Knee injury,2021-10-25,2022-02-04,102.0,19,David Raya,262749,14.6
25/26,Ankle injury,2025-08-31,2025-09-28,28.0,6,William Saliba,495666,4.0
24/25,Hamstring injury,2025-01-17,2025-01-24,7.0,2,William Saliba,495666,1.0
23/24,Toe injury,2023-10-09,2023-10-19,10.0,2,William Saliba,495666,1.4
22/23,Back injury,2023-03-16,2023-06-20,96.0,16,William Saliba,495666,13.7
19/20,Metatarsal fracture,2019-11-04,2020-01-20,77.0,19,William Saliba,495666,11.0
18/19,Hamstring injury,2019-05-23,2019-09-28,128.0,22,William Saliba,495666,18.3
25/26,Knock,2025-08-17,,,3,Ben White,335721,
24/25,Knee problems,2025-04-21,2025-04-28,7.0,1,Ben White,335721,1.0
24/25,unknown injury,2025-04-11,2025-04-15,4.0,1,Ben White,335721,0.6
24/25,Knee surgery,2024-11-11,2025-02-10,91.0,21,Ben White,335721,13.0
24/25,Knee injury,2024-09-23,2024-10-07,14.0,4,Ben White,335721,2.0
23/24,Knee injury,2023-11-09,2023-11-20,11.0,1,Ben White,335721,1.6
21/22,Hamstring injury,2022-04-25,2022-05-15,20.0,3,Ben White,335721,2.9
24/25,Hamstring injury,2025-02-06,2025-03-07,29.0,4,Gabriel,655488,4.1
23/24,Foot injury,2024-03-05,2024-03-29,24.0,4,Gabriel,655488,3.4
23/24,Hamstring injury,2023-09-17,2023-10-07,20.0,6,Gabriel,655488,2.9
22/23,Ankle injury,2023-05-14,2023-06-01,18.0,3,Gabriel,655488,2.6
20/21,Ankle injury,2021-01-09,2021-01-17,8.0,2,Gabriel,655488,1.1
19/20,Knee injury,2020-06-21,2020-12-18,180.0,37,Gabriel,655488,25.7
19/20,Knock,2020-02-20,2020-02-25,5.0,2,Gabriel,655488,0.7
19/20,Hamstring injury,2019-12-23,2020-01-06,14.0,4,Gabriel,655488,2.0
24/25,Ill,2025-01-24,2025-01-28,4.0,1,Martin Ødegaard,316264,0.6
24/25,Ankle sprain,2024-09-09,2024-11-04,56.0,14,Martin Ødegaard,316264,8.0
23/24,Hip injury,2023-11-03,2023-11-22,19.0,5,Martin Ødegaard,316264,2.7
20/21,Ankle injury,2021-04-05,2021-04-20,15.0,4,Martin Ødegaard,316264,2.1
20/21,Knock,2021-01-16,2021-01-29,13.0,2,Martin Ødegaard,316264,1.9
20/21,Muscle injury,2020-12-07,2020-12-20,13.0,4,Martin Ødegaard,316264,1.9
20/21,Calf injury,2020-10-16,2020-11-06,21.0,6,Martin Ødegaard,316264,3.0
20/21,Knee problems,2020-09-01,2020-09-19,18.0,2,Martin Ødegaard,316264,2.6
19/20,Knee problems,2020-01-06,2020-01-16,10.0,1,Martin Ødegaard,316264,1.4
19/20,Heel injury,2019-10-31,2019-11-21,21.0,4,Martin Ødegaard,316264,3.0
18/19,Hand injury,2018-09-27,2018-10-06,9.0,1,Martin Ødegaard,316264,1.3
17/18,Metatarsal fracture,2018-04-02,2018-06-30,89.0,7,Martin Ødegaard,316264,12.7
17/18,Foot injury,2017-12-01,2018-01-01,31.0,5,Martin Ødegaard,316264,4.4
16/17,Knee problems,2016-10-31,2016-11-06,6.0,2,Martin Ødegaard,316264,0.9
24/25,Foot injury,2025-02-03,2025-02-11,8.0,1,Eberechi Eze,479999,1.1
24/25,Hamstring injury,2024-10-30,2024-11-25,26.0,6,Eberechi Eze,479999,3.7
23/24,Muscle injury,2024-01-30,2024-03-01,31.0,5,Eberechi Eze,479999,4.4
23/24,Ankle injury,2023-11-25,2023-12-14,19.0,4,Eberechi Eze,479999,2.7
23/24,Hamstring injury,2023-10-03,2023-11-01,29.0,5,Eberechi Eze,479999,4.1
20/21,Achilles tendon problems,2021-05-19,2021-10-28,162.0,26,Eberechi Eze,479999,23.1
20/21,Knock,2020-11-19,2020-11-22,3.0,-,Eberechi Eze,479999,0.4
20/21,Groin injury,2020-09-10,2020-09-11,1.0,-,Eberechi Eze,479999,0.1
21/22,Ill,2022-04-19,2022-04-21,2.0,1,Leandro Trossard,144028,0.3
21/22,Hamstring injury,2021-12-26,2022-01-01,6.0,2,Leandro Trossard,144028,0.9
21/22,Elbow injury,2021-12-04,2021-12-14,10.0,1,Leandro Trossard,144028,1.4
20/21,Groin injury,2020-11-02,2020-11-27,25.0,5,Leandro Trossard,144028,3.6
19/20,Groin injury,2019-09-01,2019-10-18,47.0,9,Leandro Trossard,144028,6.7
18/19,Hamstring injury,2018-10-23,2018-11-09,17.0,5,Leandro Trossard,144028,2.4
18/19,Shoulder injury,2018-10-05,2018-10-18,13.0,3,Leandro Trossard,144028,1.9
17/18,Muscle tear,2017-08-20,2017-12-08,110.0,21,Leandro Trossard,144028,15.7
16/17,Hamstring injury,2017-05-16,2017-06-16,31.0,6,Leandro Trossard,144028,4.4
16/17,Muscle injury,2017-05-06,2017-05-15,9.0,2,Leandro Trossard,144028,1.3
24/25,Hamstring injury,2025-02-14,2025-04-02,47.0,9,Noni Madueke,503987,6.7
24/25,Ill,2025-01-10,2025-01-13,3.0,1,Noni Madueke,503987,0.4
23/24,unknown injury,2023-12-05,2023-12-18,13.0,3,Noni Madueke,503987,1.9
23/24,Muscle injury,2023-09-17,2023-09-25,8.0,2,Noni Madueke,503987,1.1
22/23,Ankle injury,2022-07-28,2022-10-17,81.0,22,Noni Madueke,503987,11.6
21/22,Muscle injury,2022-04-11,2022-05-05,24.0,8,Noni Madueke,503987,3.4
21/22,Muscle injury,2021-12-09,2022-02-07,60.0,9,Noni Madueke,503987,8.6
21/22,Muscle injury,2021-10-21,2021-12-02,42.0,12,Noni Madueke,503987,6.0
21/22,Muscle injury,2021-09-20,2021-10-14,24.0,8,Noni Madueke,503987,3.4
20/21,Knock,2021-01-25,2021-02-25,31.0,8,Noni Madueke,503987,4.4
20/21,minor knock,2021-01-11,2021-01-18,7.0,2,Noni Madueke,503987,1.0
18/19,minor knock,2019-05-02,2019-05-09,7.0,2,Noni Madueke,503987,1.0
24/25,Ill,2025-01-12,2025-01-15,3.0,2,Dean Henderson,258919,0.4
23/24,Hamstring injury,2023-09-27,2023-12-15,79.0,10,Dean Henderson,258919,11.3
22/23,Torn thigh muscle,2023-01-14,2023-06-30,167.0,23,Dean Henderson,258919,23.9
21/22,Ill,2021-08-02,2021-09-02,31.0,4,Dean Henderson,258919,4.4
20/21,Hip injury,2021-06-14,2021-07-13,29.0,-,Dean Henderson,258919,4.1
24/25,Calf strain,2025-01-24,2025-03-09,44.0,8,Joel Ward,92572,6.3
24/25,Calf injury,2024-12-08,2024-12-18,10.0,2,Joel Ward,92572,1.4
23/24,Hamstring injury,2023-12-17,2024-02-06,51.0,8,Joel Ward,92572,7.3
20/21,Knock,2021-01-31,2021-02-12,12.0,2,Joel Ward,92572,1.7
20/21,Groin injury,2020-10-19,2020-11-22,34.0,3,Joel Ward,92572,4.9
19/20,Knee injury,2019-11-24,2020-01-17,54.0,10,Joel Ward,92572,7.7
18/19,Knock,2018-10-17,2018-11-09,23.0,4,Joel Ward,92572,3.3
15/16,Knee injury,2015-09-10,2015-10-17,37.0,6,Joel Ward,92572,5.3
23/24,Knee problems,2024-02-03,2024-05-01,88.0,15,Marc Guehi,392757,12.6
20/21,Groin injury,2021-03-09,2021-03-19,10.0,3,Marc Guehi,392757,1.4
24/25,Ill,2025-01-16,2025-01-24,8.0,1,Jefferson Lerma,262980,1.1
23/24,Hamstring injury,2024-04-15,2024-05-15,30.0,5,Jefferson Lerma,262980,4.3
23/24,unknown injury,2023-09-15,2023-10-19,34.0,5,Jefferson Lerma,262980,4.9
20/21,Hamstring injury,2020-10-25,2020-11-02,8.0,2,Jefferson Lerma,262980,1.1
19/20,Chest injury,2020-02-02,2020-02-28,26.0,2,Jefferson Lerma,262980,3.7
19/20,Groin injury,2020-01-23,2020-01-31,8.0,1,Jefferson Lerma,262980,1.1
19/20,Knee injury,2020-01-13,2020-01-17,4.0,-,Jefferson Lerma,262980,0.6
19/20,Knock,2019-10-16,2019-10-25,9.0,1,Jefferson Lerma,262980,1.3
18/19,Ankle injury,2019-01-31,2019-02-08,8.0,1,Jefferson Lerma,262980,1.1
18/19,Hamstring injury,2018-11-11,2018-11-24,13.0,-,Jefferson Lerma,262980,1.9
18/19,Knock,2018-08-01,2018-08-24,23.0,2,Jefferson Lerma,262980,3.3
17/18,Muscle injury,2018-02-04,2018-02-25,21.0,2,Jefferson Lerma,262980,3.0
17/18,Muscle injury,2017-11-15,2017-12-13,28.0,5,Jefferson Lerma,262980,4.0
17/18,Muscle injury,2017-09-17,2017-10-12,25.0,5,Jefferson Lerma,262980,3.6
16/17,Muscle tear,2017-03-26,2017-05-12,47.0,7,Jefferson Lerma,262980,6.7
25/26,Knee problems,2025-08-11,2025-08-24,13.0,3,Daichi Kamada,356141,1.9
23/24,Calf injury,2024-04-22,2024-04-26,4.0,1,Daichi Kamada,356141,0.6
23/24,Back problems,2023-11-16,2023-11-22,6.0,1,Daichi Kamada,356141,0.9
22/23,infection,2022-11-03,2022-11-07,4.0,1,Daichi Kamada,356141,0.6
21/22,Torn muscle fiber,2022-01-27,2022-02-10,14.0,2,Daichi Kamada,356141,2.0
20/21,Lumbago,2021-03-04,2021-03-11,7.0,1,Daichi Kamada,356141,1.0
19/20,Quarantine,2020-03-19,2020-04-02,14.0,-,Daichi Kamada,356141,2.0
19/20,Torn ligaments,2020-01-09,2020-01-20,11.0,1,Daichi Kamada,356141,1.6
17/18,Ill,2017-12-07,2017-12-18,11.0,6,Daichi Kamada,356141,1.6
17/18,Dead leg,2017-07-24,2017-07-27,3.0,-,Daichi Kamada,356141,0.4
15/16,Elbow injury,2016-04-21,2016-05-12,21.0,4,Daichi Kamada,356141,3.0
23/24,Nose surgery,2023-11-10,2023-11-26,16.0,3,Bernd Leno,72476,2.3
19/20,Ligament stretching,2020-06-21,2020-08-27,67.0,11,Bernd Leno,72476,9.6
18/19,Ligament injury,2019-05-31,2019-07-05,35.0,2,Bernd Leno,72476,5.0
17/18,Ligament stretching,2018-04-10,2018-04-13,3.0,-,Bernd Leno,72476,0.4
13/14,muscular problems,2013-10-10,2013-10-14,4.0,3,Bernd Leno,72476,0.6
12/13,Elbow injury,2012-10-29,2012-11-15,17.0,10,Bernd Leno,72476,2.4
24/25,Knee injury,2024-12-15,2025-04-06,112.0,19,Kenny Tete,206746,16.0
23/24,Achilles tendon problems,2024-02-09,2024-02-19,10.0,2,Kenny Tete,206746,1.4
23/24,Groin problems,2023-09-17,2023-11-11,55.0,8,Kenny Tete,206746,7.9
22/23,Knock,2022-09-29,2022-10-29,30.0,6,Kenny Tete,206746,4.3
21/22,Groin injury,2022-01-22,2022-02-17,26.0,5,Kenny Tete,206746,3.7
21/22,Thigh problems,2021-08-21,2021-10-18,58.0,11,Kenny Tete,206746,8.3
20/21,Corona virus,2021-04-17,2021-04-27,10.0,1,Kenny Tete,206746,1.4
20/21,Fitness,2020-11-21,2020-12-27,36.0,7,Kenny Tete,206746,5.1
20/21,Calf injury,2020-09-20,2020-11-21,62.0,14,Kenny Tete,206746,8.9
19/20,Knock,2019-11-04,2019-11-20,16.0,4,Kenny Tete,206746,2.3
18/19,Ankle injury,2019-05-09,2019-05-31,22.0,3,Kenny Tete,206746,3.1
18/19,Hamstring injury,2019-03-21,2019-04-08,18.0,4,Kenny Tete,206746,2.6
18/19,Groin strain,2018-09-28,2018-10-20,22.0,6,Kenny Tete,206746,3.1
17/18,Knee injury,2017-11-06,2017-11-18,12.0,2,Kenny Tete,206746,1.7
17/18,Knee problems,2017-08-28,2017-09-01,4.0,1,Kenny Tete,206746,0.6
24/25,Achilles tendon problems,2024-11-24,2024-12-19,25.0,4,Joachim Andersen,260827,3.6
22/23,Calf injury,2023-01-15,2023-02-15,31.0,5,Joachim Andersen,260827,4.4
21/22,Hamstring injury,2021-11-23,2021-12-13,20.0,4,Joachim Andersen,260827,2.9
20/21,Ankle ligament tear,2020-10-15,2020-11-01,17.0,2,Joachim Andersen,260827,2.4
18/19,unknown injury,2019-04-24,2019-05-26,32.0,5,Joachim Andersen,260827,4.6
16/17,Shoulder injury,2016-09-18,2016-10-20,32.0,6,Joachim Andersen,260827,4.6
15/16,Ill,2016-04-29,2016-05-01,2.0,1,Joachim Andersen,260827,0.3
24/25,Ankle surgery,2025-05-07,2025-07-15,69.0,5,Timothy Castagne,262226,9.9
24/25,Hamstring injury,2024-10-14,2024-11-03,20.0,2,Timothy Castagne,262226,2.9
21/22,Hamstring injury,2022-01-03,2022-03-17,73.0,14,Timothy Castagne,262226,10.4
20/21,Fracture of the eye socket,2021-06-13,2021-08-15,63.0,6,Timothy Castagne,262226,9.0
20/21,Hamstring strain,2021-02-01,2021-02-19,18.0,5,Timothy Castagne,262226,2.6
20/21,Hamstring strain,2020-10-27,2020-12-19,53.0,15,Timothy Castagne,262226,7.6
19/20,Knee problems,2020-01-13,2020-01-28,15.0,3,Timothy Castagne,262226,2.1
19/20,Meniscus injury,2019-08-01,2019-09-15,45.0,5,Timothy Castagne,262226,6.4
15/16,Shoulder injury,2016-05-10,2016-06-20,41.0,10,Timothy Castagne,262226,5.9
24/25,Calf injury,2025-05-04,2025-06-01,28.0,3,Harrison Reed,226973,4.0
24/25,Fitness,2025-01-01,2025-01-08,7.0,1,Harrison Reed,226973,1.0
24/25,Knee surgery,2024-11-21,2024-12-31,40.0,8,Harrison Reed,226973,5.7
21/22,Muscle injury,2021-12-10,2021-12-18,8.0,1,Harrison Reed,226973,1.1
21/22,Calf injury,2021-10-20,2021-10-24,4.0,2,Harrison Reed,226973,0.6
21/22,Knock,2021-09-15,2021-09-20,5.0,2,Harrison Reed,226973,0.7
21/22,Knock,2021-09-15,2021-09-18,3.0,2,Harrison Reed,226973,0.4
21/22,Knock,2021-08-07,2021-08-28,21.0,6,Harrison Reed,226973,3.0
20/21,Ankle injury,2021-05-18,2021-05-23,5.0,2,Harrison Reed,226973,0.7
20/21,Knee problems,2021-04-19,2021-05-12,23.0,2,Harrison Reed,226973,3.3
20/21,Knock,2020-09-27,2020-10-23,26.0,4,Harrison Reed,226973,3.7
19/20,Fitness,2020-03-02,2020-03-14,12.0,1,Harrison Reed,226973,1.7
19/20,Calf injury,2020-01-09,2020-03-01,52.0,11,Harrison Reed,226973,7.4
19/20,Calf problems,2020-01-01,2020-01-08,7.0,2,Harrison Reed,226973,1.0
19/20,Calf injury,2019-11-22,2019-12-16,24.0,6,Harrison Reed,226973,3.4
23/24,Knee injury,2023-09-03,2023-09-15,12.0,-,Tom Cairney,123275,1.7
23/24,Knee injury,2023-08-30,2023-09-01,2.0,-,Tom Cairney,123275,0.3
23/24,Thigh problems,2023-07-30,2023-08-11,12.0,-,Tom Cairney,123275,1.7
22/23,Ankle injury,2023-02-08,2023-03-18,38.0,7,Tom Cairney,123275,5.4
21/22,Knock,2022-04-05,2022-04-11,6.0,2,Tom Cairney,123275,0.9
21/22,Ill,2022-02-22,2022-03-06,12.0,3,Tom Cairney,123275,1.7
21/22,Ill,2021-11-23,2021-11-29,6.0,2,Tom Cairney,123275,0.9
20/21,Knee injury,2020-12-27,2021-10-11,288.0,38,Tom Cairney,123275,41.1
19/20,bruise,2020-07-06,2020-07-17,11.0,3,Tom Cairney,123275,1.6
19/20,Calf problems,2019-12-29,2020-01-15,17.0,4,Tom Cairney,123275,2.4
19/20,Ill,2019-12-09,2019-12-11,2.0,1,Tom Cairney,123275,0.3
19/20,Ill,2019-11-05,2019-11-11,6.0,1,Tom Cairney,123275,0.9
18/19,Foot injury,2018-09-30,2018-10-27,27.0,3,Tom Cairney,123275,3.9
18/19,Foot injury,2018-08-26,2018-09-29,34.0,7,Tom Cairney,123275,4.9
17/18,Knee problems,2018-01-24,2018-02-05,12.0,2,Tom Cairney,123275,1.7
23/24,Hamstring injury,2023-08-20,2023-09-15,26.0,5,Alex Iwobi,242631,3.7
21/22,Calf injury,2021-10-01,2021-10-13,12.0,3,Alex Iwobi,242631,1.7
20/21,Corona virus,2021-03-26,2021-03-29,3.0,1,Alex Iwobi,242631,0.4
19/20,Hamstring injury,2019-12-23,2020-01-27,35.0,7,Alex Iwobi,242631,5.0
18/19,Ankle injury,2019-02-25,2019-02-26,1.0,-,Alex Iwobi,242631,0.1
18/19,Ill,2018-08-26,2018-09-19,24.0,3,Alex Iwobi,242631,3.4
16/17,Hamstring strain,2016-08-14,2016-09-10,27.0,5,Alex Iwobi,242631,3.9
24/25,Ankle injury,2024-12-23,2025-01-17,25.0,5,Sander Berge,333014,3.6
22/23,Torn ankle ligaments,2022-10-05,2022-12-05,61.0,11,Sander Berge,333014,8.7
21/22,Hamstring injury,2021-09-17,2021-11-22,66.0,16,Sander Berge,333014,9.4
21/22,Corona virus,2021-08-29,2021-09-13,15.0,4,Sander Berge,333014,2.1
20/21,surgery,2020-12-18,2021-03-21,93.0,20,Sander Berge,333014,13.3
20/21,bruise,2020-11-08,2020-11-21,13.0,2,Sander Berge,333014,1.9
18/19,Calf problems,2019-01-19,2019-03-15,55.0,9,Sander Berge,333014,7.9
18/19,Knee problems,2018-10-17,2018-10-28,11.0,3,Sander Berge,333014,1.6
17/18,Torn muscle bundle,2017-10-26,2018-05-18,204.0,36,Sander Berge,333014,29.1
16/17,Knee surgery,2016-10-17,2016-12-31,75.0,4,Sander Berge,333014,10.7
24/25,minor knock,2025-04-18,2025-04-24,6.0,1,Emile Smith Rowe,392765,0.9
24/25,Ankle injury,2025-02-23,2025-03-01,6.0,1,Emile Smith Rowe,392765,0.9
24/25,bruise,2024-12-16,2024-12-28,12.0,2,Emile Smith Rowe,392765,1.7
23/24,Bruise on ankle,2024-02-08,2024-02-14,6.0,1,Emile Smith Rowe,392765,0.9
23/24,Knee injury,2023-10-31,2023-12-10,40.0,9,Emile Smith Rowe,392765,5.7
22/23,Thigh problems,2023-01-25,2023-02-16,22.0,4,Emile Smith Rowe,392765,3.1
22/23,Groin surgery,2022-09-10,2023-01-09,121.0,20,Emile Smith Rowe,392765,17.3
21/22,Ill,2022-02-20,2022-03-09,17.0,2,Emile Smith Rowe,392765,2.4
20/21,Thigh problems,2021-03-24,2021-04-12,19.0,9,Emile Smith Rowe,392765,2.7
20/21,Shoulder injury,2020-09-10,2020-12-10,91.0,30,Emile Smith Rowe,392765,13.0
19/20,Head injury,2019-09-23,2019-10-07,14.0,2,Emile Smith Rowe,392765,2.0
19/20,Groin injury,2019-08-08,2019-12-13,127.0,34,Emile Smith Rowe,392765,18.1
18/19,Adductor pain,2019-04-22,2019-05-13,21.0,4,Emile Smith Rowe,392765,3.0
18/19,Hamstring injury,2019-01-14,2019-04-15,91.0,19,Emile Smith Rowe,392765,13.0
18/19,Groin problems,2018-11-29,2019-02-28,91.0,10,Emile Smith Rowe,392765,13.0
24/25,Knock,2025-03-03,2025-03-14,11.0,1,Adama Traoré,204103,1.6
23/24,Hamstring injury,2023-11-20,2024-02-09,81.0,16,Adama Traoré,204103,11.6
23/24,Hamstring injury,2023-09-11,2023-11-11,61.0,9,Adama Traoré,204103,8.7
22/23,Hamstring injury,2022-07-20,2022-08-13,24.0,2,Adama Traoré,204103,3.4
20/21,Hamstring injury,2021-01-09,2021-01-14,5.0,1,Adama Traoré,204103,0.7
20/21,Knock,2020-09-02,2020-09-04,2.0,1,Adama Traoré,204103,0.3
19/20,Shoulder injury,2020-03-02,2020-03-06,4.0,-,Adama Traoré,204103,0.6
19/20,Shoulder injury,2020-02-02,2020-02-13,11.0,-,Adama Traoré,204103,1.6
19/20,Knock,2020-01-17,2020-01-17,0.0,-,Adama Traoré,204103,0.0
19/20,Shoulder injury,2019-12-16,2019-12-20,4.0,-,Adama Traoré,204103,0.6
19/20,Knock,2019-11-11,2019-11-22,11.0,2,Adama Traoré,204103,1.6
18/19,Hamstring injury,2018-12-30,2019-01-01,2.0,-,Adama Traoré,204103,0.3
18/19,Shoulder injury,2018-07-27,2018-08-17,21.0,3,Adama Traoré,204103,3.0
15/16,Metatarsal fracture,2016-01-03,2016-04-03,91.0,19,Adama Traoré,204103,13.0
15/16,Calf injury,2015-08-25,2015-09-19,25.0,7,Adama Traoré,204103,3.6
22/23,Virus,2023-03-23,2023-03-25,2.0,2,Bart Verbruggen,565093,0.3
25/26,Knee injury,2025-05-11,,,6,Tariq Lamptey,504148,
24/25,Ankle injury,2025-03-07,2025-04-21,45.0,7,Tariq Lamptey,504148,6.4
24/25,Ill,2025-01-10,2025-01-15,5.0,1,Tariq Lamptey,504148,0.7
24/25,Calf injury,2024-11-08,2024-11-25,17.0,2,Tariq Lamptey,504148,2.4
24/25,Muscle injury,2024-08-10,2024-08-23,13.0,1,Tariq Lamptey,504148,1.9
23/24,Muscle injury,2024-04-08,2024-05-08,30.0,4,Tariq Lamptey,504148,4.3
23/24,Muscle injury,2024-02-27,2024-03-01,3.0,1,Tariq Lamptey,504148,0.4
23/24,unknown injury,2023-11-25,2024-01-07,43.0,11,Tariq Lamptey,504148,6.1
23/24,Muscle injury,2023-10-06,2023-11-15,40.0,9,Tariq Lamptey,504148,5.7
22/23,Knee injury,2023-03-05,2023-06-30,117.0,20,Tariq Lamptey,504148,16.7
21/22,Knee injury,2022-04-21,2022-04-29,8.0,1,Tariq Lamptey,504148,1.1
20/21,Hamstring injury,2021-03-06,2021-09-18,196.0,27,Tariq Lamptey,504148,28.0
20/21,Rest,2021-02-26,2021-02-28,2.0,1,Tariq Lamptey,504148,0.3
20/21,Hamstring injury,2020-12-16,2021-02-24,70.0,16,Tariq Lamptey,504148,10.0
20/21,Hamstring strain,2020-12-08,2020-12-15,7.0,1,Tariq Lamptey,504148,1.0
24/25,Chest injury,2025-02-08,2025-03-29,49.0,8,Lewis Dunk,148153,7.0
24/25,Calf problems,2025-01-03,2025-01-14,11.0,2,Lewis Dunk,148153,1.6
21/22,Knee injury,2021-12-01,2022-01-22,52.0,9,Lewis Dunk,148153,7.4
18/19,Knock,2019-02-10,2019-02-25,15.0,1,Lewis Dunk,148153,2.1
18/19,Ankle injury,2018-08-20,2018-08-31,11.0,2,Lewis Dunk,148153,1.6
24/25,Muscle injury,2025-01-24,2025-02-22,29.0,5,Pervis Estupiñán,349599,4.1
24/25,Ankle injury,2024-04-14,2024-08-31,139.0,17,Pervis Estupiñán,349599,19.9
23/24,Muscle injury,2023-11-09,2023-12-27,48.0,12,Pervis Estupiñán,349599,6.9
23/24,Muscle injury,2023-09-30,2023-11-08,39.0,9,Pervis Estupiñán,349599,5.6
22/23,muscular problems,2023-02-19,2023-03-01,10.0,1,Pervis Estupiñán,349599,1.4
20/21,Muscle injury,2021-03-26,2021-04-22,27.0,7,Pervis Estupiñán,349599,3.9
20/21,Muscle injury,2020-12-14,2020-12-17,3.0,1,Pervis Estupiñán,349599,0.4
20/21,Muscle injury,2020-10-14,2020-10-31,17.0,4,Pervis Estupiñán,349599,2.4
18/19,Inner ligament injury,2019-04-01,2019-05-18,47.0,6,Pervis Estupiñán,349599,6.7
18/19,Pneumothorax,2018-10-28,2018-11-26,29.0,7,Pervis Estupiñán,349599,4.1
17/18,Muscle injury,2017-12-23,2018-02-01,40.0,4,Pervis Estupiñán,349599,5.7
17/18,Hamstring injury,2017-11-08,2017-12-06,28.0,4,Pervis Estupiñán,349599,4.0
24/25,Foot injury,2025-02-17,2025-04-21,63.0,10,Joel Veltman,111195,9.0
24/25,unknown injury,2024-11-25,2024-12-17,22.0,4,Joel Veltman,111195,3.1
24/25,Ill,2024-09-27,2024-09-30,3.0,1,Joel Veltman,111195,0.4
23/24,Knock,2024-05-11,2024-05-21,10.0,3,Joel Veltman,111195,1.4
23/24,Knee injury,2023-12-17,2024-02-05,50.0,9,Joel Veltman,111195,7.1
21/22,Ankle injury,2021-12-15,2021-12-28,13.0,2,Joel Veltman,111195,1.9
21/22,Corona virus,2021-08-14,2021-08-27,13.0,3,Joel Veltman,111195,1.9
20/21,Knock,2021-02-02,2021-02-05,3.0,1,Joel Veltman,111195,0.4
19/20,Knee surgery,2020-02-02,2020-05-31,119.0,10,Joel Veltman,111195,17.0
19/20,Muscle injury,2019-11-22,2019-11-29,7.0,2,Joel Veltman,111195,1.0
17/18,Cruciate ligament tear,2018-04-20,2019-02-01,287.0,45,Joel Veltman,111195,41.0
17/18,Rest,2017-10-25,2017-10-25,0.0,1,Joel Veltman,111195,0.0
16/17,Ill,2017-02-15,2017-02-17,2.0,1,Joel Veltman,111195,0.3
16/17,Rest,2016-10-26,2016-10-26,0.0,1,Joel Veltman,111195,0.0
16/17,Rest,2016-09-21,2016-09-21,0.0,1,Joel Veltman,111195,0.0
24/25,Thigh problems,2024-10-01,2025-05-25,236.0,37,James Milner,3333,33.7
24/25,Hamstring injury,2024-08-31,2024-09-14,14.0,2,James Milner,3333,2.0
23/24,Muscle injury,2024-01-31,2024-06-12,133.0,19,James Milner,3333,19.0
23/24,Muscle injury,2023-09-20,2023-10-15,25.0,6,James Milner,3333,3.6
22/23,Hamstring injury,2022-12-22,2023-01-14,23.0,6,James Milner,3333,3.3
22/23,concussion,2022-11-01,2022-11-11,10.0,3,James Milner,3333,1.4
21/22,Hamstring injury,2021-10-24,2021-11-22,29.0,6,James Milner,3333,4.1
21/22,Muscle injury,2021-08-15,2021-09-08,24.0,2,James Milner,3333,3.4
20/21,unknown injury,2021-05-02,2021-05-17,15.0,3,James Milner,3333,2.1
20/21,Hamstring injury,2020-11-28,2020-12-26,28.0,7,James Milner,3333,4.0
20/21,Calf injury,2020-09-21,2020-09-27,6.0,1,James Milner,3333,0.9
20/21,Hamstring strain,2020-07-09,2020-07-21,12.0,2,James Milner,3333,1.7
19/20,Hamstring injury,2020-06-22,2020-06-30,8.0,1,James Milner,3333,1.1
19/20,Hamstring injury,2020-02-19,2020-03-02,12.0,2,James Milner,3333,1.7
19/20,Hip injury,2020-01-06,2020-02-14,39.0,7,James Milner,3333,5.6
24/25,Knee surgery,2025-05-02,2025-09-13,134.0,9,Solly March,209212,19.1
24/25,Muscle injury,2025-03-14,2025-03-29,15.0,2,Solly March,209212,2.1
24/25,Muscle injury,2025-01-24,2025-02-22,29.0,5,Solly March,209212,4.1
23/24,Knee injury,2023-10-21,2024-12-23,429.0,59,Solly March,209212,61.3
22/23,Hamstring injury,2023-05-12,2023-06-12,31.0,5,Solly March,209212,4.4
21/22,Hamstring injury,2021-08-28,2021-09-10,13.0,1,Solly March,209212,1.9
20/21,Knock,2021-02-05,2021-07-01,146.0,17,Solly March,209212,20.9
20/21,Ankle injury,2020-11-02,2020-11-20,18.0,1,Solly March,209212,2.6
20/21,Muscle injury,2020-07-06,2020-07-13,7.0,2,Solly March,209212,1.0
19/20,minor knock,2020-01-17,2020-01-19,2.0,1,Solly March,209212,0.3
19/20,Groin injury,2019-11-24,2020-01-10,47.0,9,Solly March,209212,6.7
19/20,Hamstring strain,2019-09-26,2019-10-04,8.0,1,Solly March,209212,1.1
19/20,Muscle injury,2019-09-19,2019-09-23,4.0,1,Solly March,209212,0.6
18/19,Ankle injury,2019-02-10,2019-02-25,15.0,1,Solly March,209212,2.1
17/18,Knee injury,2017-08-07,2017-08-11,4.0,-,Solly March,209212,0.6
24/25,Muscle injury,2025-01-31,2025-02-07,7.0,1,Carlos Baleba,973085,1.0
